10.0	200.0	0.1	2.5	0.25	3.0	2.0	2304.0	1955.0	9014.0	7496.0
10.0	200.0	0.1	2.5	0.25	3.0	2.0	2253.0	1955.0	9243.0	7496.0
10.0	200.0	0.1	2.5	0.25	3.0	2.0	2301.0	1955.0	8927.0	7496.0
10.0	200.0	0.1	2.5	0.25	3.0	2.0	2236.0	1955.0	8489.0	7496.0
10.0	200.0	0.1	2.5	0.25	3.0	2.0	2273.0	1955.0	8923.4	7496.0
10.0	200.0	0.1	2.5	0.25	5.0	2.0	2299.0	1955.0	8560.0	7496.0
10.0	200.0	0.1	2.5	0.25	5.0	2.0	2309.6	1955.0	9033.2	7496.0
10.0	200.0	0.1	2.5	0.25	7.0	2.0	2306.8	1955.0	9053.8	7496.0
10.0	200.0	0.1	2.5	0.25	10.0	2.0	2259.2	1955.0	9079.6	7496.0
10.0	200.0	0.1	2.5	0.25	15.0	2.0	2190.0	1955.0	8969.0	7496.0
10.0	200.0	0.1	2.5	0.25	15.0	2.0	2242.2	1955.0	8839.2	7496.0
10.0	200.0	0.1	2.5	0.5	3.0	2.0	2331.8	1955.0	9159.6	7496.0
10.0	200.0	0.1	2.5	0.5	5.0	2.0	2329.0	1955.0	9289.0	7496.0
10.0	200.0	0.1	2.5	0.5	7.0	2.0	2325.8	1955.0	9156.0	7496.0
10.0	200.0	0.1	2.5	0.5	10.0	2.0	2304.4	1955.0	9393.0	7496.0
10.0	200.0	0.1	2.5	0.5	15.0	2.0	2354.2	1955.0	9257.6	7496.0
10.0	200.0	0.1	2.5	0.75	3.0	2.0	2384.8	1955.0	9687.0	7496.0
10.0	200.0	0.1	2.5	0.75	5.0	2.0	2420.0	1955.0	9614.2	7496.0
10.0	200.0	0.1	2.5	0.75	7.0	2.0	2411.8	1955.0	9615.4	7496.0
10.0	200.0	0.1	2.5	0.75	10.0	2.0	2415.2	1955.0	9722.8	7496.0
10.0	200.0	0.1	2.5	0.75	15.0	2.0	2172.0	1955.0	9931.0	7496.0
10.0	200.0	0.1	2.5	0.75	15.0	2.0	2300.4	1955.0	9724.6	7496.0
10.0	200.0	0.1	5.0	0.25	3.0	2.0	2040.0	1955.0	8142.0	7496.0
10.0	200.0	0.1	5.0	0.25	3.0	2.0	2079.0	1955.0	7763.0	7496.0
10.0	200.0	0.1	5.0	0.25	3.0	2.0	2038.0	1955.0	8071.0	7496.0
10.0	200.0	0.1	5.0	0.25	3.0	2.0	2064.2	1955.0	8022.6	7496.0
10.0	200.0	0.1	5.0	0.25	5.0	2.0	2079.4	1955.0	8061.6	7496.0
10.0	200.0	0.1	5.0	0.25	7.0	2.0	2099.2	1955.0	8043.4	7496.0
10.0	200.0	0.1	5.0	0.25	10.0	2.0	2030.0	1955.0	7787.0	7496.0
10.0	200.0	0.1	5.0	0.25	10.0	2.0	2070.2	1955.0	7977.6	7496.0
10.0	200.0	0.1	5.0	0.25	15.0	2.0	2071.0	1955.0	8042.4	7496.0
10.0	200.0	0.1	5.0	0.5	3.0	2.0	2125.0	1955.0	7695.0	7496.0
10.0	200.0	0.1	5.0	0.5	3.0	2.0	2088.4	1955.0	8119.0	7496.0
10.0	200.0	0.1	5.0	0.5	5.0	2.0	2117.2	1955.0	8205.6	7496.0
10.0	200.0	0.1	5.0	0.5	7.0	2.0	2092.6	1955.0	8176.2	7496.0
10.0	200.0	0.1	5.0	0.5	10.0	2.0	2082.2	1955.0	8088.6	7496.0
10.0	200.0	0.1	5.0	0.5	15.0	2.0	2097.8	1955.0	8168.4	7496.0
10.0	200.0	0.1	5.0	0.75	3.0	2.0	2123.0	1955.0	8246.4	7496.0
10.0	200.0	0.1	5.0	0.75	5.0	2.0	2138.8	1955.0	8346.0	7496.0
10.0	200.0	0.1	5.0	0.75	7.0	2.0	2158.0	1955.0	8321.8	7496.0
10.0	200.0	0.1	5.0	0.75	10.0	2.0	2132.0	1955.0	8292.0	7496.0
10.0	200.0	0.1	5.0	0.75	15.0	2.0	2118.0	1955.0	8299.4	7496.0
10.0	200.0	0.1	10.0	0.25	3.0	2.0	2085.4	1955.0	7823.0	7496.0
10.0	200.0	0.1	10.0	0.25	5.0	2.0	2082.4	1955.0	7926.6	7496.0
10.0	200.0	0.1	10.0	0.25	7.0	2.0	2087.0	1955.0	7674.0	7496.0
10.0	200.0	0.1	10.0	0.25	7.0	2.0	2073.8	1955.0	7793.0	7496.0
10.0	200.0	0.1	10.0	0.25	10.0	2.0	2078.8	1955.0	7894.2	7496.0
10.0	200.0	0.1	10.0	0.25	15.0	2.0	2074.2	1955.0	7922.0	7496.0
10.0	200.0	0.1	10.0	0.5	3.0	2.0	2071.4	1955.0	7988.0	7496.0
10.0	200.0	0.1	10.0	0.5	5.0	2.0	2074.4	1955.0	7892.8	7496.0
10.0	200.0	0.1	10.0	0.5	7.0	2.0	2075.4	1955.0	7896.4	7496.0
10.0	200.0	0.1	10.0	0.5	10.0	2.0	2077.6	1955.0	7929.0	7496.0
10.0	200.0	0.1	10.0	0.5	15.0	2.0	2081.0	1955.0	7939.8	7496.0
10.0	200.0	0.1	10.0	0.75	3.0	2.0	2070.6	1955.0	8010.8	7496.0
10.0	200.0	0.1	10.0	0.75	5.0	2.0	2070.0	1955.0	7963.8	7496.0
10.0	200.0	0.1	10.0	0.75	7.0	2.0	2074.0	1955.0	7978.6	7496.0
10.0	200.0	0.1	10.0	0.75	10.0	2.0	2081.6	1955.0	7973.4	7496.0
10.0	200.0	0.1	10.0	0.75	15.0	2.0	2077.8	1955.0	8007.6	7496.0
10.0	200.0	0.1	15.0	0.25	3.0	2.0	2085.0	1955.0	8010.6	7496.0
10.0	200.0	0.1	15.0	0.25	5.0	2.0	2085.4	1955.0	7948.4	7496.0
10.0	200.0	0.1	15.0	0.25	7.0	2.0	2084.4	1955.0	8015.4	7496.0
10.0	200.0	0.1	15.0	0.25	10.0	2.0	2085.4	1955.0	7977.6	7496.0
10.0	200.0	0.1	15.0	0.25	15.0	2.0	2083.4	1955.0	8034.0	7496.0
10.0	200.0	0.1	15.0	0.5	3.0	2.0	2080.4	1955.0	7916.6	7496.0
10.0	200.0	0.1	15.0	0.5	5.0	2.0	2086.0	1955.0	7965.6	7496.0
10.0	200.0	0.1	15.0	0.5	7.0	2.0	2085.6	1955.0	7958.6	7496.0
10.0	200.0	0.1	15.0	0.5	10.0	2.0	2078.2	1955.0	7993.8	7496.0
10.0	200.0	0.1	15.0	0.5	15.0	2.0	2085.8	1955.0	7908.0	7496.0
10.0	200.0	0.1	15.0	0.75	3.0	2.0	2081.4	1955.0	7977.8	7496.0
10.0	200.0	0.1	15.0	0.75	5.0	2.0	2077.2	1955.0	7999.0	7496.0
10.0	200.0	0.1	15.0	0.75	7.0	2.0	2085.4	1955.0	8062.8	7496.0
10.0	200.0	0.1	15.0	0.75	10.0	2.0	2083.4	1955.0	7985.2	7496.0
10.0	200.0	0.1	15.0	0.75	15.0	2.0	2084.0	1955.0	7978.0	7496.0
10.0	200.0	0.5	2.5	0.25	3.0	2.0	2105.4	1955.0	8092.6	7496.0
10.0	200.0	0.5	2.5	0.25	5.0	2.0	2087.6	1955.0	8152.6	7496.0
10.0	200.0	0.5	2.5	0.25	7.0	2.0	2086.6	1955.0	8109.2	7496.0
10.0	200.0	0.5	2.5	0.25	10.0	2.0	2096.0	1955.0	8116.0	7496.0
10.0	200.0	0.5	2.5	0.25	15.0	2.0	2084.0	1955.0	7659.0	7496.0
10.0	200.0	0.5	2.5	0.25	15.0	2.0	2106.4	1955.0	8008.2	7496.0
10.0	200.0	0.5	2.5	0.5	3.0	2.0	2069.2	1955.0	8131.8	7496.0
10.0	200.0	0.5	2.5	0.5	5.0	2.0	2101.4	1955.0	7982.0	7496.0
10.0	200.0	0.5	2.5	0.5	7.0	2.0	2089.0	1955.0	8070.6	7496.0
10.0	200.0	0.5	2.5	0.5	10.0	2.0	2083.4	1955.0	8009.8	7496.0
10.0	200.0	0.5	2.5	0.5	15.0	2.0	2098.6	1955.0	8108.8	7496.0
10.0	200.0	0.5	2.5	0.75	3.0	2.0	2103.6	1955.0	8141.8	7496.0
10.0	200.0	0.5	2.5	0.75	5.0	2.0	2112.2	1955.0	8220.2	7496.0
10.0	200.0	0.5	2.5	0.75	7.0	2.0	2070.8	1955.0	8259.0	7496.0
10.0	200.0	0.5	2.5	0.75	10.0	2.0	2095.8	1955.0	8249.4	7496.0
10.0	200.0	0.5	2.5	0.75	15.0	2.0	2104.8	1955.0	8137.2	7496.0
10.0	200.0	0.5	5.0	0.25	3.0	2.0	2076.4	1955.0	7853.0	7496.0
10.0	200.0	0.5	5.0	0.25	5.0	2.0	2083.8	1955.0	7797.0	7496.0
10.0	200.0	0.5	5.0	0.25	7.0	2.0	2073.8	1955.0	7929.8	7496.0
10.0	200.0	0.5	5.0	0.25	10.0	2.0	2077.6	1955.0	7752.6	7496.0
10.0	200.0	0.5	5.0	0.25	15.0	2.0	2070.0	1955.0	7906.4	7496.0
10.0	200.0	0.5	5.0	0.5	3.0	2.0	2063.8	1955.0	7762.0	7496.0
10.0	200.0	0.5	5.0	0.5	5.0	2.0	2060.8	1955.0	7783.6	7496.0
10.0	200.0	0.5	5.0	0.5	7.0	2.0	2061.8	1955.0	7843.0	7496.0
10.0	200.0	0.5	5.0	0.5	10.0	2.0	2083.0	1955.0	7657.0	7496.0
10.0	200.0	0.5	5.0	0.5	10.0	2.0	2062.0	1955.0	7548.0	7496.0
10.0	200.0	0.5	5.0	0.5	10.0	2.0	2073.8	1955.0	7692.6	7496.0
10.0	200.0	0.5	5.0	0.5	15.0	2.0	2073.8	1955.0	7923.6	7496.0
10.0	200.0	0.5	5.0	0.75	3.0	2.0	2022.0	1955.0	7694.0	7496.0
10.0	200.0	0.5	5.0	0.75	3.0	2.0	2056.8	1955.0	7784.0	7496.0
10.0	200.0	0.5	5.0	0.75	5.0	2.0	2052.2	1955.0	7764.8	7496.0
10.0	200.0	0.5	5.0	0.75	7.0	2.0	2067.6	1955.0	7786.2	7496.0
10.0	200.0	0.5	5.0	0.75	10.0	2.0	2061.4	1955.0	7833.2	7496.0
10.0	200.0	0.5	5.0	0.75	15.0	2.0	2069.4	1955.0	7883.0	7496.0
10.0	200.0	0.5	10.0	0.25	3.0	2.0	2087.8	1955.0	7918.6	7496.0
10.0	200.0	0.5	10.0	0.25	5.0	2.0	2075.4	1955.0	7938.4	7496.0
10.0	200.0	0.5	10.0	0.25	7.0	2.0	2085.4	1955.0	8004.8	7496.0
10.0	200.0	0.5	10.0	0.25	10.0	2.0	2083.4	1955.0	7913.4	7496.0
10.0	200.0	0.5	10.0	0.25	15.0	2.0	2071.4	1955.0	7937.0	7496.0
10.0	200.0	0.5	10.0	0.5	3.0	2.0	2079.6	1955.0	7951.8	7496.0
10.0	200.0	0.5	10.0	0.5	5.0	2.0	2079.6	1955.0	7914.0	7496.0
10.0	200.0	0.5	10.0	0.5	7.0	2.0	2083.4	1955.0	7972.0	7496.0
10.0	200.0	0.5	10.0	0.5	10.0	2.0	2081.0	1955.0	7872.4	7496.0
10.0	200.0	0.5	10.0	0.5	15.0	2.0	2079.0	1955.0	7878.0	7496.0
10.0	200.0	0.5	10.0	0.75	3.0	2.0	2081.0	1955.0	7883.4	7496.0
10.0	200.0	0.5	10.0	0.75	5.0	2.0	2083.4	1955.0	7903.2	7496.0
10.0	200.0	0.5	10.0	0.75	7.0	2.0	2078.8	1955.0	7802.6	7496.0
10.0	200.0	0.5	10.0	0.75	10.0	2.0	2083.8	1955.0	7860.6	7496.0
10.0	200.0	0.5	10.0	0.75	15.0	2.0	2080.0	1955.0	7990.4	7496.0
10.0	200.0	0.5	15.0	0.25	3.0	2.0	2081.0	1955.0	8047.8	7496.0
10.0	200.0	0.5	15.0	0.25	5.0	2.0	2084.6	1955.0	8065.2	7496.0
10.0	200.0	0.5	15.0	0.25	7.0	2.0	2084.6	1955.0	8016.8	7496.0
10.0	200.0	0.5	15.0	0.25	10.0	2.0	2090.4	1955.0	8023.4	7496.0
10.0	200.0	0.5	15.0	0.25	15.0	2.0	2089.6	1955.0	8049.2	7496.0
10.0	200.0	0.5	15.0	0.5	3.0	2.0	2083.8	1955.0	7991.0	7496.0
10.0	200.0	0.5	15.0	0.5	5.0	2.0	2083.4	1955.0	8053.2	7496.0
10.0	200.0	0.5	15.0	0.5	7.0	2.0	2081.4	1955.0	8006.8	7496.0
10.0	200.0	0.5	15.0	0.5	10.0	2.0	2083.4	1955.0	8053.4	7496.0
10.0	200.0	0.5	15.0	0.5	15.0	2.0	2084.2	1955.0	8092.0	7496.0
10.0	200.0	0.5	15.0	0.75	3.0	2.0	2081.0	1955.0	7958.6	7496.0
10.0	200.0	0.5	15.0	0.75	5.0	2.0	2084.6	1955.0	8005.4	7496.0
10.0	200.0	0.5	15.0	0.75	7.0	2.0	2083.8	1955.0	7977.6	7496.0
10.0	200.0	0.5	15.0	0.75	10.0	2.0	2084.2	1955.0	8072.0	7496.0
10.0	200.0	0.5	15.0	0.75	15.0	2.0	2084.6	1955.0	7870.6	7496.0
10.0	200.0	0.8	2.5	0.25	3.0	2.0	2096.2	1955.0	8201.6	7496.0
10.0	200.0	0.8	2.5	0.25	5.0	2.0	2174.6	1955.0	8241.2	7496.0
10.0	200.0	0.8	2.5	0.25	7.0	2.0	2137.2	1955.0	8288.6	7496.0
10.0	200.0	0.8	2.5	0.25	10.0	2.0	2095.4	1955.0	8469.6	7496.0
10.0	200.0	0.8	2.5	0.25	15.0	2.0	2119.8	1955.0	8197.8	7496.0
10.0	200.0	0.8	2.5	0.5	3.0	2.0	2105.2	1955.0	7954.0	7496.0
10.0	200.0	0.8	2.5	0.5	5.0	2.0	2107.0	1955.0	7542.0	7496.0
10.0	200.0	0.8	2.5	0.5	5.0	2.0	2094.4	1955.0	7902.4	7496.0
10.0	200.0	0.8	2.5	0.5	7.0	2.0	2064.8	1955.0	8101.6	7496.0
10.0	200.0	0.8	2.5	0.5	10.0	2.0	2089.6	1955.0	8035.4	7496.0
10.0	200.0	0.8	2.5	0.5	15.0	2.0	2080.4	1955.0	8014.8	7496.0
10.0	200.0	0.8	2.5	0.75	3.0	2.0	2066.4	1955.0	7935.0	7496.0
10.0	200.0	0.8	2.5	0.75	5.0	2.0	2045.6	1955.0	7890.2	7496.0
10.0	200.0	0.8	2.5	0.75	7.0	2.0	2066.2	1955.0	7984.0	7496.0
10.0	200.0	0.8	2.5	0.75	10.0	2.0	2083.4	1955.0	8286.4	7496.0
10.0	200.0	0.8	2.5	0.75	15.0	2.0	2068.6	1955.0	7867.4	7496.0
10.0	200.0	0.8	5.0	0.25	3.0	2.0	2096.0	1955.0	8115.6	7496.0
10.0	200.0	0.8	5.0	0.25	5.0	2.0	2077.2	1955.0	7891.4	7496.0
10.0	200.0	0.8	5.0	0.25	7.0	2.0	2089.8	1955.0	8076.8	7496.0
10.0	200.0	0.8	5.0	0.25	10.0	2.0	2079.0	1955.0	7928.0	7496.0
10.0	200.0	0.8	5.0	0.25	15.0	2.0	2088.4	1955.0	8136.0	7496.0
10.0	200.0	0.8	5.0	0.5	3.0	2.0	2083.0	1955.0	7814.2	7496.0
10.0	200.0	0.8	5.0	0.5	5.0	2.0	2067.6	1955.0	7903.2	7496.0
10.0	200.0	0.8	5.0	0.5	7.0	2.0	2083.4	1955.0	7973.0	7496.0
10.0	200.0	0.8	5.0	0.5	10.0	2.0	2076.0	1955.0	8007.8	7496.0
10.0	200.0	0.8	5.0	0.5	15.0	2.0	2066.2	1955.0	7950.0	7496.0
10.0	200.0	0.8	5.0	0.75	3.0	2.0	2075.4	1955.0	7784.4	7496.0
10.0	200.0	0.8	5.0	0.75	5.0	2.0	2061.6	1955.0	7895.2	7496.0
10.0	200.0	0.8	5.0	0.75	7.0	2.0	2055.8	1955.0	7822.6	7496.0
10.0	200.0	0.8	5.0	0.75	10.0	2.0	2071.2	1955.0	7903.2	7496.0
10.0	200.0	0.8	5.0	0.75	15.0	2.0	2065.8	1955.0	7870.4	7496.0
10.0	200.0	0.8	10.0	0.25	3.0	2.0	2088.0	1955.0	8010.6	7496.0
10.0	200.0	0.8	10.0	0.25	5.0	2.0	2082.6	1955.0	7988.4	7496.0
10.0	200.0	0.8	10.0	0.25	7.0	2.0	2087.8	1955.0	8028.8	7496.0
10.0	200.0	0.8	10.0	0.25	10.0	2.0	2083.8	1955.0	8010.2	7496.0
10.0	200.0	0.8	10.0	0.25	15.0	2.0	2091.8	1955.0	8034.0	7496.0
10.0	200.0	0.8	10.0	0.5	3.0	2.0	2077.4	1955.0	7987.0	7496.0
10.0	200.0	0.8	10.0	0.5	5.0	2.0	2076.4	1955.0	7932.2	7496.0
10.0	200.0	0.8	10.0	0.5	7.0	2.0	2065.2	1955.0	7772.8	7496.0
10.0	200.0	0.8	10.0	0.5	10.0	2.0	2062.8	1955.0	8017.0	7496.0
10.0	200.0	0.8	10.0	0.5	15.0	2.0	2086.0	1955.0	8053.0	7496.0
10.0	200.0	0.8	10.0	0.75	3.0	2.0	2081.0	1955.0	7969.8	7496.0
10.0	200.0	0.8	10.0	0.75	5.0	2.0	2081.8	1955.0	8037.4	7496.0
10.0	200.0	0.8	10.0	0.75	7.0	2.0	2078.4	1955.0	7929.0	7496.0
10.0	200.0	0.8	10.0	0.75	10.0	2.0	2075.8	1955.0	7883.4	7496.0
10.0	200.0	0.8	10.0	0.75	15.0	2.0	2083.2	1955.0	7975.4	7496.0
10.0	200.0	0.8	15.0	0.25	3.0	2.0	2079.8	1955.0	8034.6	7496.0
10.0	200.0	0.8	15.0	0.25	5.0	2.0	2088.4	1955.0	8059.8	7496.0
10.0	200.0	0.8	15.0	0.25	7.0	2.0	2089.4	1955.0	8059.0	7496.0
10.0	200.0	0.8	15.0	0.25	10.0	2.0	2093.4	1955.0	8096.8	7496.0
10.0	200.0	0.8	15.0	0.25	15.0	2.0	2115.4	1955.0	7933.8	7496.0
10.0	200.0	0.8	15.0	0.5	3.0	2.0	2090.4	1955.0	7982.0	7496.0
10.0	200.0	0.8	15.0	0.5	5.0	2.0	2078.2	1955.0	7946.4	7496.0
10.0	200.0	0.8	15.0	0.5	7.0	2.0	2096.2	1955.0	8050.0	7496.0
10.0	200.0	0.8	15.0	0.5	10.0	2.0	2087.8	1955.0	8056.2	7496.0
10.0	200.0	0.8	15.0	0.5	15.0	2.0	2076.4	1955.0	8025.4	7496.0
10.0	200.0	0.8	15.0	0.75	3.0	2.0	2085.0	1955.0	8052.2	7496.0
10.0	200.0	0.8	15.0	0.75	5.0	2.0	2084.2	1955.0	8049.0	7496.0
10.0	200.0	0.8	15.0	0.75	7.0	2.0	2092.2	1955.0	8031.8	7496.0
10.0	200.0	0.8	15.0	0.75	10.0	2.0	2083.8	1955.0	7939.8	7496.0
10.0	200.0	0.8	15.0	0.75	15.0	2.0	2091.8	1955.0	7993.4	7496.0
10.0	200.0	1.0	2.5	0.25	3.0	2.0	2120.4	1955.0	8440.2	7496.0
10.0	200.0	1.0	2.5	0.25	5.0	2.0	2173.0	1955.0	8381.0	7496.0
10.0	200.0	1.0	2.5	0.25	7.0	2.0	2193.8	1955.0	8423.4	7496.0
10.0	200.0	1.0	2.5	0.25	10.0	2.0	2156.4	1955.0	8432.8	7496.0
10.0	200.0	1.0	2.5	0.25	15.0	2.0	2121.4	1955.0	8430.4	7496.0
10.0	200.0	1.0	2.5	0.5	3.0	2.0	2094.2	1955.0	8300.4	7496.0
10.0	200.0	1.0	2.5	0.5	5.0	2.0	2146.2	1955.0	8355.0	7496.0
10.0	200.0	1.0	2.5	0.5	7.0	2.0	2020.0	1955.0	7996.0	7496.0
10.0	200.0	1.0	2.5	0.5	7.0	2.0	2109.8	1955.0	8288.6	7496.0
10.0	200.0	1.0	2.5	0.5	10.0	2.0	2109.2	1955.0	8250.4	7496.0
10.0	200.0	1.0	2.5	0.5	15.0	2.0	2128.6	1955.0	8329.0	7496.0
10.0	200.0	1.0	2.5	0.75	3.0	2.0	2104.8	1955.0	8033.8	7496.0
10.0	200.0	1.0	2.5	0.75	5.0	2.0	2081.0	1955.0	8223.2	7496.0
10.0	200.0	1.0	2.5	0.75	7.0	2.0	2135.0	1955.0	7990.6	7496.0
10.0	200.0	1.0	2.5	0.75	10.0	2.0	2096.8	1955.0	7898.2	7496.0
10.0	200.0	1.0	2.5	0.75	15.0	2.0	2119.2	1955.0	8205.4	7496.0
10.0	200.0	1.0	5.0	0.25	3.0	2.0	2098.2	1955.0	8040.4	7496.0
10.0	200.0	1.0	5.0	0.25	5.0	2.0	2111.2	1955.0	8096.4	7496.0
10.0	200.0	1.0	5.0	0.25	7.0	2.0	2109.8	1955.0	8039.4	7496.0
10.0	200.0	1.0	5.0	0.25	10.0	2.0	2088.8	1955.0	8243.8	7496.0
10.0	200.0	1.0	5.0	0.25	15.0	2.0	2096.4	1955.0	8173.2	7496.0
10.0	200.0	1.0	5.0	0.5	3.0	2.0	2081.8	1955.0	8043.2	7496.0
10.0	200.0	1.0	5.0	0.5	5.0	2.0	2071.4	1955.0	8043.6	7496.0
10.0	200.0	1.0	5.0	0.5	7.0	2.0	2103.4	1955.0	8041.4	7496.0
10.0	200.0	1.0	5.0	0.5	10.0	2.0	2113.4	1955.0	8126.6	7496.0
10.0	200.0	1.0	5.0	0.5	15.0	2.0	2093.4	1955.0	8033.0	7496.0
10.0	200.0	1.0	5.0	0.75	3.0	2.0	2089.6	1955.0	7973.0	7496.0
10.0	200.0	1.0	5.0	0.75	5.0	2.0	2087.0	1955.0	7885.0	7496.0
10.0	200.0	1.0	5.0	0.75	7.0	2.0	2081.2	1955.0	7830.0	7496.0
10.0	200.0	1.0	5.0	0.75	10.0	2.0	2075.2	1955.0	7929.2	7496.0
10.0	200.0	1.0	5.0	0.75	15.0	2.0	2091.4	1955.0	7899.0	7496.0
10.0	200.0	1.0	10.0	0.25	3.0	2.0	2099.8	1955.0	8025.2	7496.0
10.0	200.0	1.0	10.0	0.25	5.0	2.0	2082.8	1955.0	8173.6	7496.0
10.0	200.0	1.0	10.0	0.25	7.0	2.0	2079.6	1955.0	7968.6	7496.0
10.0	200.0	1.0	10.0	0.25	10.0	2.0	2085.8	1955.0	7975.6	7496.0
10.0	200.0	1.0	10.0	0.25	15.0	2.0	2090.2	1955.0	8197.4	7496.0
10.0	200.0	1.0	10.0	0.5	3.0	2.0	2104.0	1955.0	8023.0	7496.0
10.0	200.0	1.0	10.0	0.5	5.0	2.0	2076.8	1955.0	7970.8	7496.0
10.0	200.0	1.0	10.0	0.5	7.0	2.0	2097.6	1955.0	7910.8	7496.0
10.0	200.0	1.0	10.0	0.5	10.0	2.0	2081.4	1955.0	7943.0	7496.0
10.0	200.0	1.0	10.0	0.5	15.0	2.0	2078.8	1955.0	8027.8	7496.0
10.0	200.0	1.0	10.0	0.75	3.0	2.0	2084.4	1955.0	7877.6	7496.0
10.0	200.0	1.0	10.0	0.75	5.0	2.0	2082.0	1955.0	7899.2	7496.0
10.0	200.0	1.0	10.0	0.75	7.0	2.0	2075.4	1955.0	7970.6	7496.0
10.0	200.0	1.0	10.0	0.75	10.0	2.0	2091.8	1955.0	7955.2	7496.0
10.0	200.0	1.0	10.0	0.75	15.0	2.0	2077.8	1955.0	7916.8	7496.0
10.0	200.0	1.0	15.0	0.25	3.0	2.0	2081.2	1955.0	8060.2	7496.0
10.0	200.0	1.0	15.0	0.25	5.0	2.0	2093.8	1955.0	8068.6	7496.0
10.0	200.0	1.0	15.0	0.25	7.0	2.0	2089.4	1955.0	8129.0	7496.0
10.0	200.0	1.0	15.0	0.25	10.0	2.0	2078.4	1955.0	8042.2	7496.0
10.0	200.0	1.0	15.0	0.25	15.0	2.0	2110.0	1955.0	7984.0	7496.0
10.0	200.0	1.0	15.0	0.5	3.0	2.0	2086.6	1955.0	8092.6	7496.0
10.0	200.0	1.0	15.0	0.5	5.0	2.0	2097.0	1955.0	8056.0	7496.0
10.0	200.0	1.0	15.0	0.5	7.0	2.0	2075.4	1955.0	8061.8	7496.0
10.0	200.0	1.0	15.0	0.5	10.0	2.0	2094.0	1955.0	8028.8	7496.0
10.0	200.0	1.0	15.0	0.5	15.0	2.0	2092.4	1955.0	8054.2	7496.0
10.0	200.0	1.0	15.0	0.75	3.0	2.0	2089.0	1955.0	8051.6	7496.0
10.0	200.0	1.0	15.0	0.75	5.0	2.0	2092.6	1955.0	7961.0	7496.0
10.0	200.0	1.0	15.0	0.75	7.0	2.0	2095.6	1955.0	8043.8	7496.0
10.0	200.0	1.0	15.0	0.75	10.0	2.0	2085.6	1955.0	8078.4	7496.0
10.0	200.0	1.0	15.0	0.75	15.0	2.0	2083.0	1955.0	8101.6	7496.0
10.0	200.0	1.5	2.5	0.25	3.0	2.0	2193.8	1955.0	8788.0	7496.0
10.0	200.0	1.5	2.5	0.25	5.0	2.0	2260.8	1955.0	8602.2	7496.0
10.0	200.0	1.5	2.5	0.25	7.0	2.0	2172.8	1955.0	8513.8	7496.0
10.0	200.0	1.5	2.5	0.25	10.0	2.0	2285.6	1955.0	8829.2	7496.0
10.0	200.0	1.5	2.5	0.25	15.0	2.0	2209.8	1955.0	8874.4	7496.0
10.0	200.0	1.5	2.5	0.5	3.0	2.0	2148.0	1955.0	8489.0	7496.0
10.0	200.0	1.5	2.5	0.5	5.0	2.0	2157.4	1955.0	8483.4	7496.0
10.0	200.0	1.5	2.5	0.5	7.0	2.0	2231.6	1955.0	8570.0	7496.0
10.0	200.0	1.5	2.5	0.5	10.0	2.0	2252.8	1955.0	8613.2	7496.0
10.0	200.0	1.5	2.5	0.5	15.0	2.0	2255.8	1955.0	8610.0	7496.0
10.0	200.0	1.5	2.5	0.75	3.0	2.0	2171.8	1955.0	8400.2	7496.0
10.0	200.0	1.5	2.5	0.75	5.0	2.0	2242.8	1955.0	8264.8	7496.0
10.0	200.0	1.5	2.5	0.75	7.0	2.0	2164.4	1955.0	8461.8	7496.0
10.0	200.0	1.5	2.5	0.75	10.0	2.0	2223.4	1955.0	8463.2	7496.0
10.0	200.0	1.5	2.5	0.75	15.0	2.0	2119.2	1955.0	8372.8	7496.0
10.0	200.0	1.5	5.0	0.25	3.0	2.0	2154.0	1955.0	8579.4	7496.0
10.0	200.0	1.5	5.0	0.25	5.0	2.0	2130.4	1955.0	8522.0	7496.0
10.0	200.0	1.5	5.0	0.25	7.0	2.0	2130.2	1955.0	8495.4	7496.0
10.0	200.0	1.5	5.0	0.25	10.0	2.0	2167.2	1955.0	8242.4	7496.0
10.0	200.0	1.5	5.0	0.25	15.0	2.0	2163.0	1955.0	8435.6	7496.0
10.0	200.0	1.5	5.0	0.5	3.0	2.0	2121.6	1955.0	8169.6	7496.0
10.0	200.0	1.5	5.0	0.5	5.0	2.0	2148.4	1955.0	8182.0	7496.0
10.0	200.0	1.5	5.0	0.5	7.0	2.0	2144.4	1955.0	8062.8	7496.0
10.0	200.0	1.5	5.0	0.5	10.0	2.0	2129.0	1955.0	8062.8	7496.0
10.0	200.0	1.5	5.0	0.5	15.0	2.0	2123.0	1955.0	8215.4	7496.0
10.0	200.0	1.5	5.0	0.75	3.0	2.0	2134.2	1955.0	8321.6	7496.0
10.0	200.0	1.5	5.0	0.75	5.0	2.0	2125.4	1955.0	8151.6	7496.0
10.0	200.0	1.5	5.0	0.75	7.0	2.0	2114.4	1955.0	8145.0	7496.0
10.0	200.0	1.5	5.0	0.75	10.0	2.0	2118.4	1955.0	8081.2	7496.0
10.0	200.0	1.5	5.0	0.75	15.0	2.0	2151.6	1955.0	8282.2	7496.0
10.0	200.0	1.5	10.0	0.25	3.0	2.0	2101.2	1955.0	8274.8	7496.0
10.0	200.0	1.5	10.0	0.25	5.0	2.0	2099.6	1955.0	8129.2	7496.0
10.0	200.0	1.5	10.0	0.25	7.0	2.0	2113.0	1955.0	8234.2	7496.0
10.0	200.0	1.5	10.0	0.25	10.0	2.0	2099.2	1955.0	8195.0	7496.0
10.0	200.0	1.5	10.0	0.25	15.0	2.0	2104.4	1955.0	8181.0	7496.0
10.0	200.0	1.5	10.0	0.5	3.0	2.0	2084.0	1955.0	8217.6	7496.0
10.0	200.0	1.5	10.0	0.5	5.0	2.0	2107.0	1955.0	8087.6	7496.0
10.0	200.0	1.5	10.0	0.5	7.0	2.0	2087.6	1955.0	7927.6	7496.0
10.0	200.0	1.5	10.0	0.5	10.0	2.0	2091.0	1955.0	8007.0	7496.0
10.0	200.0	1.5	10.0	0.5	15.0	2.0	2114.8	1955.0	8156.0	7496.0
10.0	200.0	1.5	10.0	0.75	3.0	2.0	2090.0	1955.0	8122.8	7496.0
10.0	200.0	1.5	10.0	0.75	5.0	2.0	2098.4	1955.0	8161.2	7496.0
10.0	200.0	1.5	10.0	0.75	7.0	2.0	2075.8	1955.0	8114.6	7496.0
10.0	200.0	1.5	10.0	0.75	10.0	2.0	2113.0	1955.0	7934.4	7496.0
10.0	200.0	1.5	10.0	0.75	15.0	2.0	2094.0	1955.0	8052.2	7496.0
10.0	200.0	1.5	15.0	0.25	3.0	2.0	2082.0	1955.0	8162.8	7496.0
10.0	200.0	1.5	15.0	0.25	5.0	2.0	2099.0	1955.0	8021.4	7496.0
10.0	200.0	1.5	15.0	0.25	7.0	2.0	2106.6	1955.0	8196.8	7496.0
10.0	200.0	1.5	15.0	0.25	10.0	2.0	2125.2	1955.0	8145.4	7496.0
10.0	200.0	1.5	15.0	0.25	15.0	2.0	2106.0	1955.0	8136.4	7496.0
10.0	200.0	1.5	15.0	0.5	3.0	2.0	2094.6	1955.0	8085.4	7496.0
10.0	200.0	1.5	15.0	0.5	5.0	2.0	2073.8	1955.0	8065.4	7496.0
10.0	200.0	1.5	15.0	0.5	7.0	2.0	2087.2	1955.0	8190.2	7496.0
10.0	200.0	1.5	15.0	0.5	10.0	2.0	2094.4	1955.0	8080.2	7496.0
10.0	200.0	1.5	15.0	0.5	15.0	2.0	2103.6	1955.0	8120.8	7496.0
10.0	200.0	1.5	15.0	0.75	3.0	2.0	2111.6	1955.0	8222.2	7496.0
10.0	200.0	1.5	15.0	0.75	5.0	2.0	2083.6	1955.0	8143.6	7496.0
10.0	200.0	1.5	15.0	0.75	7.0	2.0	2091.2	1955.0	8037.8	7496.0
10.0	200.0	1.5	15.0	0.75	10.0	2.0	2104.8	1955.0	8159.2	7496.0
10.0	200.0	1.5	15.0	0.75	15.0	2.0	2106.8	1955.0	7954.8	7496.0
25.0	200.0	0.1	2.5	0.25	3.0	2.0	2311.6	1955.0	9070.4	7496.0
25.0	200.0	0.1	2.5	0.25	5.0	2.0	2280.8	1955.0	9170.6	7496.0
25.0	200.0	0.1	2.5	0.25	7.0	2.0	2299.8	1955.0	9018.2	7496.0
25.0	200.0	0.1	2.5	0.25	10.0	2.0	2282.4	1955.0	9124.4	7496.0
25.0	200.0	0.1	2.5	0.25	15.0	2.0	2294.8	1955.0	9230.2	7496.0
25.0	200.0	0.1	2.5	0.5	3.0	2.0	2342.4	1955.0	9407.6	7496.0
25.0	200.0	0.1	2.5	0.5	5.0	2.0	2362.8	1955.0	9353.0	7496.0
25.0	200.0	0.1	2.5	0.5	7.0	2.0	2304.2	1955.0	9353.8	7496.0
25.0	200.0	0.1	2.5	0.5	10.0	2.0	2355.8	1955.0	9399.8	7496.0
25.0	200.0	0.1	2.5	0.5	15.0	2.0	2316.8	1955.0	9432.6	7496.0
25.0	200.0	0.1	2.5	0.75	3.0	2.0	2366.2	1955.0	9688.2	7496.0
25.0	200.0	0.1	2.5	0.75	5.0	2.0	2382.4	1955.0	9622.0	7496.0
25.0	200.0	0.1	2.5	0.75	7.0	2.0	2344.4	1955.0	9847.0	7496.0
25.0	200.0	0.1	2.5	0.75	10.0	2.0	2369.4	1955.0	9434.0	7496.0
25.0	200.0	0.1	2.5	0.75	15.0	2.0	2347.0	1955.0	9767.8	7496.0
25.0	200.0	0.1	5.0	0.25	3.0	2.0	2071.0	1955.0	8098.6	7496.0
25.0	200.0	0.1	5.0	0.25	5.0	2.0	2066.6	1955.0	8029.6	7496.0
25.0	200.0	0.1	5.0	0.25	7.0	2.0	2090.4	1955.0	8033.8	7496.0
25.0	200.0	0.1	5.0	0.25	10.0	2.0	2070.2	1955.0	8141.0	7496.0
25.0	200.0	0.1	5.0	0.25	15.0	2.0	2086.0	1955.0	8048.0	7496.0
25.0	200.0	0.1	5.0	0.5	3.0	2.0	2104.4	1955.0	8158.2	7496.0
25.0	200.0	0.1	5.0	0.5	5.0	2.0	2076.4	1955.0	8090.8	7496.0
25.0	200.0	0.1	5.0	0.5	7.0	2.0	2089.0	1955.0	8152.2	7496.0
25.0	200.0	0.1	5.0	0.5	10.0	2.0	2104.4	1955.0	8127.0	7496.0
25.0	200.0	0.1	5.0	0.5	15.0	2.0	2083.2	1955.0	8117.2	7496.0
25.0	200.0	0.1	5.0	0.75	3.0	2.0	2092.2	1955.0	8260.0	7496.0
25.0	200.0	0.1	5.0	0.75	5.0	2.0	2083.4	1955.0	8220.8	7496.0
25.0	200.0	0.1	5.0	0.75	7.0	2.0	2115.2	1955.0	8031.0	7496.0
25.0	200.0	0.1	5.0	0.75	10.0	2.0	2094.2	1955.0	8218.8	7496.0
25.0	200.0	0.1	5.0	0.75	15.0	2.0	2078.2	1955.0	8050.0	7496.0
25.0	200.0	0.1	10.0	0.25	3.0	2.0	2057.2	1955.0	7834.2	7496.0
25.0	200.0	0.1	10.0	0.25	5.0	2.0	2051.4	1955.0	7793.6	7496.0
25.0	200.0	0.1	10.0	0.25	7.0	2.0	2071.0	1955.0	7911.8	7496.0
25.0	200.0	0.1	10.0	0.25	10.0	2.0	2054.8	1955.0	7851.6	7496.0
25.0	200.0	0.1	10.0	0.25	15.0	2.0	2066.8	1955.0	7849.2	7496.0
25.0	200.0	0.1	10.0	0.5	3.0	2.0	2054.4	1955.0	7923.0	7496.0
25.0	200.0	0.1	10.0	0.5	5.0	2.0	2053.4	1955.0	7903.0	7496.0
25.0	200.0	0.1	10.0	0.5	7.0	2.0	2064.4	1955.0	7878.2	7496.0
25.0	200.0	0.1	10.0	0.5	10.0	2.0	2049.4	1955.0	7820.2	7496.0
25.0	200.0	0.1	10.0	0.5	15.0	2.0	2070.4	1955.0	7915.0	7496.0
25.0	200.0	0.1	10.0	0.75	3.0	2.0	2058.0	1955.0	7904.2	7496.0
25.0	200.0	0.1	10.0	0.75	5.0	2.0	2071.4	1955.0	7903.6	7496.0
25.0	200.0	0.1	10.0	0.75	7.0	2.0	2063.0	1955.0	7894.0	7496.0
25.0	200.0	0.1	10.0	0.75	10.0	2.0	2065.0	1955.0	7901.8	7496.0
25.0	200.0	0.1	10.0	0.75	15.0	2.0	2070.8	1955.0	7937.0	7496.0
25.0	200.0	0.1	15.0	0.25	3.0	2.0	2077.8	1955.0	7898.0	7496.0
25.0	200.0	0.1	15.0	0.25	5.0	2.0	2084.6	1955.0	7915.6	7496.0
25.0	200.0	0.1	15.0	0.25	7.0	2.0	2078.8	1955.0	7937.4	7496.0
25.0	200.0	0.1	15.0	0.25	10.0	2.0	2083.8	1955.0	7844.8	7496.0
25.0	200.0	0.1	15.0	0.25	15.0	2.0	2082.8	1955.0	7980.6	7496.0
25.0	200.0	0.1	15.0	0.5	3.0	2.0	2077.8	1955.0	7934.6	7496.0
25.0	200.0	0.1	15.0	0.5	5.0	2.0	2072.6	1955.0	7897.4	7496.0
25.0	200.0	0.1	15.0	0.5	7.0	2.0	2075.6	1955.0	7864.6	7496.0
25.0	200.0	0.1	15.0	0.5	10.0	2.0	2078.6	1955.0	7872.0	7496.0
25.0	200.0	0.1	15.0	0.5	15.0	2.0	2079.4	1955.0	7917.2	7496.0
25.0	200.0	0.1	15.0	0.75	3.0	2.0	2069.8	1955.0	7903.4	7496.0
25.0	200.0	0.1	15.0	0.75	5.0	2.0	2072.0	1955.0	7964.8	7496.0
25.0	200.0	0.1	15.0	0.75	7.0	2.0	2068.0	1955.0	7956.8	7496.0
25.0	200.0	0.1	15.0	0.75	10.0	2.0	2077.2	1955.0	7892.6	7496.0
25.0	200.0	0.1	15.0	0.75	15.0	2.0	2060.6	1955.0	7969.6	7496.0
25.0	200.0	0.5	2.5	0.25	3.0	2.0	2079.8	1955.0	8004.2	7496.0
25.0	200.0	0.5	2.5	0.25	5.0	2.0	2072.8	1955.0	7932.6	7496.0
25.0	200.0	0.5	2.5	0.25	7.0	2.0	2061.6	1955.0	8020.6	7496.0
25.0	200.0	0.5	2.5	0.25	10.0	2.0	2075.2	1955.0	7961.6	7496.0
25.0	200.0	0.5	2.5	0.25	15.0	2.0	2075.2	1955.0	7962.6	7496.0
25.0	200.0	0.5	2.5	0.5	3.0	2.0	2061.8	1955.0	8067.2	7496.0
25.0	200.0	0.5	2.5	0.5	5.0	2.0	2079.0	1955.0	8144.6	7496.0
25.0	200.0	0.5	2.5	0.5	7.0	2.0	2081.0	1955.0	8081.4	7496.0
25.0	200.0	0.5	2.5	0.5	10.0	2.0	2075.8	1955.0	7954.0	7496.0
25.0	200.0	0.5	2.5	0.5	15.0	2.0	2078.6	1955.0	8076.6	7496.0
25.0	200.0	0.5	2.5	0.75	3.0	2.0	2074.0	1955.0	8205.2	7496.0
25.0	200.0	0.5	2.5	0.75	5.0	2.0	2097.0	1955.0	8166.2	7496.0
25.0	200.0	0.5	2.5	0.75	7.0	2.0	2111.8	1955.0	8155.0	7496.0
25.0	200.0	0.5	2.5	0.75	10.0	2.0	2094.8	1955.0	8222.6	7496.0
25.0	200.0	0.5	2.5	0.75	15.0	2.0	2062.4	1955.0	8259.4	7496.0
25.0	200.0	0.5	5.0	0.25	3.0	2.0	2047.2	1955.0	7749.4	7496.0
25.0	200.0	0.5	5.0	0.25	5.0	2.0	2045.0	1955.0	7757.6	7496.0
25.0	200.0	0.5	5.0	0.25	7.0	2.0	2048.2	1955.0	7681.8	7496.0
25.0	200.0	0.5	5.0	0.25	10.0	2.0	2056.8	1955.0	7746.6	7496.0
25.0	200.0	0.5	5.0	0.25	15.0	2.0	2071.0	1955.0	7751.4	7496.0
25.0	200.0	0.5	5.0	0.5	3.0	2.0	2053.6	1955.0	7730.6	7496.0
25.0	200.0	0.5	5.0	0.5	5.0	2.0	2051.4	1955.0	7820.0	7496.0
25.0	200.0	0.5	5.0	0.5	7.0	2.0	2048.8	1955.0	7724.8	7496.0
25.0	200.0	0.5	5.0	0.5	10.0	2.0	2051.2	1955.0	7814.8	7496.0
25.0	200.0	0.5	5.0	0.5	15.0	2.0	2053.2	1955.0	7820.8	7496.0
25.0	200.0	0.5	5.0	0.75	3.0	2.0	2041.8	1955.0	7797.8	7496.0
25.0	200.0	0.5	5.0	0.75	5.0	2.0	2049.4	1955.0	7797.6	7496.0
25.0	200.0	0.5	5.0	0.75	7.0	2.0	2049.4	1955.0	7854.0	7496.0
25.0	200.0	0.5	5.0	0.75	10.0	2.0	2043.6	1955.0	7852.6	7496.0
25.0	200.0	0.5	5.0	0.75	15.0	2.0	2054.2	1955.0	7796.4	7496.0
25.0	200.0	0.5	10.0	0.25	3.0	2.0	2070.0	1955.0	7777.6	7496.0
25.0	200.0	0.5	10.0	0.25	5.0	2.0	2071.4	1955.0	7822.0	7496.0
25.0	200.0	0.5	10.0	0.25	7.0	2.0	2073.8	1955.0	7848.4	7496.0
25.0	200.0	0.5	10.0	0.25	10.0	2.0	2068.6	1955.0	7745.6	7496.0
25.0	200.0	0.5	10.0	0.25	15.0	2.0	2067.6	1955.0	7813.2	7496.0
25.0	200.0	0.5	10.0	0.5	3.0	2.0	2068.2	1955.0	7736.0	7496.0
25.0	200.0	0.5	10.0	0.5	5.0	2.0	2071.2	1955.0	7839.8	7496.0
25.0	200.0	0.5	10.0	0.5	7.0	2.0	2077.4	1955.0	7787.8	7496.0
25.0	200.0	0.5	10.0	0.5	10.0	2.0	2061.6	1955.0	7768.0	7496.0
25.0	200.0	0.5	10.0	0.5	15.0	2.0	2079.0	1955.0	7790.6	7496.0
25.0	200.0	0.5	10.0	0.75	3.0	2.0	2077.6	1955.0	7872.4	7496.0
25.0	200.0	0.5	10.0	0.75	5.0	2.0	2075.2	1955.0	7784.8	7496.0
25.0	200.0	0.5	10.0	0.75	7.0	2.0	2074.4	1955.0	7752.4	7496.0
25.0	200.0	0.5	10.0	0.75	10.0	2.0	2073.2	1955.0	7787.6	7496.0
25.0	200.0	0.5	10.0	0.75	15.0	2.0	2073.6	1955.0	7745.8	7496.0
25.0	200.0	0.5	15.0	0.25	3.0	2.0	2083.4	1955.0	7978.4	7496.0
25.0	200.0	0.5	15.0	0.25	5.0	2.0	2084.2	1955.0	7987.0	7496.0
25.0	200.0	0.5	15.0	0.25	7.0	2.0	2083.8	1955.0	8088.2	7496.0
25.0	200.0	0.5	15.0	0.25	10.0	2.0	2083.4	1955.0	7966.4	7496.0
25.0	200.0	0.5	15.0	0.25	15.0	2.0	2084.2	1955.0	8023.4	7496.0
25.0	200.0	0.5	15.0	0.5	3.0	2.0	2083.8	1955.0	7996.0	7496.0
25.0	200.0	0.5	15.0	0.5	5.0	2.0	2083.8	1955.0	7943.8	7496.0
25.0	200.0	0.5	15.0	0.5	7.0	2.0	2083.4	1955.0	7987.0	7496.0
25.0	200.0	0.5	15.0	0.5	10.0	2.0	2083.4	1955.0	8061.6	7496.0
25.0	200.0	0.5	15.0	0.5	15.0	2.0	2083.0	1955.0	7998.2	7496.0
25.0	200.0	0.5	15.0	0.75	3.0	2.0	2071.2	1955.0	8010.0	7496.0
25.0	200.0	0.5	15.0	0.75	5.0	2.0	2083.0	1955.0	8004.4	7496.0
25.0	200.0	0.5	15.0	0.75	7.0	2.0	2083.4	1955.0	7974.8	7496.0
25.0	200.0	0.5	15.0	0.75	10.0	2.0	2081.8	1955.0	7983.0	7496.0
25.0	200.0	0.5	15.0	0.75	15.0	2.0	2081.8	1955.0	7846.6	7496.0
25.0	200.0	0.8	2.5	0.25	3.0	2.0	2050.2	1955.0	7803.0	7496.0
25.0	200.0	0.8	2.5	0.25	5.0	2.0	2057.8	1955.0	7741.8	7496.0
25.0	200.0	0.8	2.5	0.25	7.0	2.0	2044.4	1955.0	7719.6	7496.0
25.0	200.0	0.8	2.5	0.25	10.0	2.0	2063.8	1955.0	7750.6	7496.0
25.0	200.0	0.8	2.5	0.25	15.0	2.0	2046.0	1955.0	7607.6	7496.0
25.0	200.0	0.8	2.5	0.5	3.0	2.0	2055.4	1955.0	7690.4	7496.0
25.0	200.0	0.8	2.5	0.5	5.0	2.0	2047.2	1955.0	7823.4	7496.0
25.0	200.0	0.8	2.5	0.5	7.0	2.0	2041.0	1955.0	7771.6	7496.0
25.0	200.0	0.8	2.5	0.5	10.0	2.0	2046.0	1955.0	7783.2	7496.0
25.0	200.0	0.8	2.5	0.5	15.0	2.0	2053.2	1955.0	7813.6	7496.0
25.0	200.0	0.8	2.5	0.75	3.0	2.0	2039.8	1955.0	7806.2	7496.0
25.0	200.0	0.8	2.5	0.75	5.0	2.0	2039.8	1955.0	7801.0	7496.0
25.0	200.0	0.8	2.5	0.75	7.0	2.0	2037.4	1955.0	7799.0	7496.0
25.0	200.0	0.8	2.5	0.75	10.0	2.0	2048.0	1955.0	7784.8	7496.0
25.0	200.0	0.8	2.5	0.75	15.0	2.0	2068.6	1955.0	7776.4	7496.0
25.0	200.0	0.8	5.0	0.25	3.0	2.0	2051.0	1955.0	7706.2	7496.0
25.0	200.0	0.8	5.0	0.25	5.0	2.0	2053.8	1955.0	7823.8	7496.0
25.0	200.0	0.8	5.0	0.25	7.0	2.0	2046.4	1955.0	7743.4	7496.0
25.0	200.0	0.8	5.0	0.25	10.0	2.0	2063.4	1955.0	7747.0	7496.0
25.0	200.0	0.8	5.0	0.25	15.0	2.0	2049.6	1955.0	7785.4	7496.0
25.0	200.0	0.8	5.0	0.5	3.0	2.0	2055.2	1955.0	7726.2	7496.0
25.0	200.0	0.8	5.0	0.5	5.0	2.0	2046.4	1955.0	7766.8	7496.0
25.0	200.0	0.8	5.0	0.5	7.0	2.0	2056.4	1955.0	7749.2	7496.0
25.0	200.0	0.8	5.0	0.5	10.0	2.0	2038.6	1955.0	7741.4	7496.0
25.0	200.0	0.8	5.0	0.5	15.0	2.0	2050.6	1955.0	7890.2	7496.0
25.0	200.0	0.8	5.0	0.75	3.0	2.0	2058.8	1955.0	7707.8	7496.0
25.0	200.0	0.8	5.0	0.75	5.0	2.0	2050.0	1955.0	7735.6	7496.0
25.0	200.0	0.8	5.0	0.75	7.0	2.0	2052.6	1955.0	7719.2	7496.0
25.0	200.0	0.8	5.0	0.75	10.0	2.0	2035.8	1955.0	7657.6	7496.0
25.0	200.0	0.8	5.0	0.75	15.0	2.0	2036.0	1955.0	7735.0	7496.0
25.0	200.0	0.8	10.0	0.25	3.0	2.0	2064.2	1955.0	7816.4	7496.0
25.0	200.0	0.8	10.0	0.25	5.0	2.0	2068.6	1955.0	7829.8	7496.0
25.0	200.0	0.8	10.0	0.25	7.0	2.0	2065.8	1955.0	7878.2	7496.0
25.0	200.0	0.8	10.0	0.25	10.0	2.0	2061.4	1955.0	7858.6	7496.0
25.0	200.0	0.8	10.0	0.25	15.0	2.0	2063.4	1955.0	7938.2	7496.0
25.0	200.0	0.8	10.0	0.5	3.0	2.0	2073.4	1955.0	7865.2	7496.0
25.0	200.0	0.8	10.0	0.5	5.0	2.0	2069.0	1955.0	7869.8	7496.0
25.0	200.0	0.8	10.0	0.5	7.0	2.0	2071.8	1955.0	7968.2	7496.0
25.0	200.0	0.8	10.0	0.5	10.0	2.0	2071.8	1955.0	7772.8	7496.0
25.0	200.0	0.8	10.0	0.5	15.0	2.0	2071.8	1955.0	7843.6	7496.0
25.0	200.0	0.8	10.0	0.75	3.0	2.0	2070.4	1955.0	7846.2	7496.0
25.0	200.0	0.8	10.0	0.75	5.0	2.0	2069.0	1955.0	7746.2	7496.0
25.0	200.0	0.8	10.0	0.75	7.0	2.0	2061.6	1955.0	7882.4	7496.0
25.0	200.0	0.8	10.0	0.75	10.0	2.0	2073.4	1955.0	7902.4	7496.0
25.0	200.0	0.8	10.0	0.75	15.0	2.0	2067.2	1955.0	7786.0	7496.0
25.0	200.0	0.8	15.0	0.25	3.0	2.0	2071.8	1955.0	7988.6	7496.0
25.0	200.0	0.8	15.0	0.25	5.0	2.0	2075.4	1955.0	7992.2	7496.0
25.0	200.0	0.8	15.0	0.25	7.0	2.0	2075.8	1955.0	7998.6	7496.0
25.0	200.0	0.8	15.0	0.25	10.0	2.0	2075.8	1955.0	8014.4	7496.0
25.0	200.0	0.8	15.0	0.25	15.0	2.0	2081.4	1955.0	8047.6	7496.0
25.0	200.0	0.8	15.0	0.5	3.0	2.0	2073.0	1955.0	7854.0	7496.0
25.0	200.0	0.8	15.0	0.5	5.0	2.0	2073.2	1955.0	8034.6	7496.0
25.0	200.0	0.8	15.0	0.5	7.0	2.0	2083.4	1955.0	7981.4	7496.0
25.0	200.0	0.8	15.0	0.5	10.0	2.0	2080.6	1955.0	7947.8	7496.0
25.0	200.0	0.8	15.0	0.5	15.0	2.0	2077.8	1955.0	8028.0	7496.0
25.0	200.0	0.8	15.0	0.75	3.0	2.0	2080.2	1955.0	7915.4	7496.0
25.0	200.0	0.8	15.0	0.75	5.0	2.0	2083.4	1955.0	8032.4	7496.0
25.0	200.0	0.8	15.0	0.75	7.0	2.0	2083.0	1955.0	7966.0	7496.0
25.0	200.0	0.8	15.0	0.75	10.0	2.0	2083.4	1955.0	7959.6	7496.0
25.0	200.0	0.8	15.0	0.75	15.0	2.0	2081.0	1955.0	7955.2	7496.0
25.0	200.0	1.0	2.5	0.25	3.0	2.0	2047.8	1955.0	7922.6	7496.0
25.0	200.0	1.0	2.5	0.25	5.0	2.0	2071.6	1955.0	7997.4	7496.0
25.0	200.0	1.0	2.5	0.25	7.0	2.0	2085.8	1955.0	7945.8	7496.0
25.0	200.0	1.0	2.5	0.25	10.0	2.0	2069.2	1955.0	7801.8	7496.0
25.0	200.0	1.0	2.5	0.25	15.0	2.0	2063.4	1955.0	7879.4	7496.0
25.0	200.0	1.0	2.5	0.5	3.0	2.0	2063.6	1955.0	7736.8	7496.0
25.0	200.0	1.0	2.5	0.5	5.0	2.0	2062.8	1955.0	7765.4	7496.0
25.0	200.0	1.0	2.5	0.5	7.0	2.0	2062.0	1955.0	7778.0	7496.0
25.0	200.0	1.0	2.5	0.5	10.0	2.0	2063.2	1955.0	7713.8	7496.0
25.0	200.0	1.0	2.5	0.5	15.0	2.0	2056.2	1955.0	7753.6	7496.0
25.0	200.0	1.0	2.5	0.75	3.0	2.0	2058.8	1955.0	7734.2	7496.0
25.0	200.0	1.0	2.5	0.75	5.0	2.0	2045.0	1955.0	7830.2	7496.0
25.0	200.0	1.0	2.5	0.75	7.0	2.0	2030.2	1955.0	7672.2	7496.0
25.0	200.0	1.0	2.5	0.75	10.0	2.0	2036.6	1955.0	7802.8	7496.0
25.0	200.0	1.0	2.5	0.75	15.0	2.0	2058.4	1955.0	7816.2	7496.0
25.0	200.0	1.0	5.0	0.25	3.0	2.0	2065.8	1955.0	7761.8	7496.0
25.0	200.0	1.0	5.0	0.25	5.0	2.0	2081.0	1955.0	7871.4	7496.0
25.0	200.0	1.0	5.0	0.25	7.0	2.0	2068.4	1955.0	7842.4	7496.0
25.0	200.0	1.0	5.0	0.25	10.0	2.0	2070.6	1955.0	7878.8	7496.0
25.0	200.0	1.0	5.0	0.25	15.0	2.0	2063.0	1955.0	7833.0	7496.0
25.0	200.0	1.0	5.0	0.5	3.0	2.0	2046.8	1955.0	7765.4	7496.0
25.0	200.0	1.0	5.0	0.5	5.0	2.0	2068.8	1955.0	7828.0	7496.0
25.0	200.0	1.0	5.0	0.5	7.0	2.0	2042.0	1955.0	7781.8	7496.0
25.0	200.0	1.0	5.0	0.5	10.0	2.0	2057.0	1955.0	7819.8	7496.0
25.0	200.0	1.0	5.0	0.5	15.0	2.0	2044.8	1955.0	7819.6	7496.0
25.0	200.0	1.0	5.0	0.75	3.0	2.0	2056.2	1955.0	7766.4	7496.0
25.0	200.0	1.0	5.0	0.75	5.0	2.0	2062.6	1955.0	7836.8	7496.0
25.0	200.0	1.0	5.0	0.75	7.0	2.0	2060.4	1955.0	7776.2	7496.0
25.0	200.0	1.0	5.0	0.75	10.0	2.0	2053.6	1955.0	7763.4	7496.0
25.0	200.0	1.0	5.0	0.75	15.0	2.0	2056.2	1955.0	7774.6	7496.0
25.0	200.0	1.0	10.0	0.25	3.0	2.0	2075.6	1955.0	7851.2	7496.0
25.0	200.0	1.0	10.0	0.25	5.0	2.0	2073.4	1955.0	7844.4	7496.0
25.0	200.0	1.0	10.0	0.25	7.0	2.0	2074.2	1955.0	7912.4	7496.0
25.0	200.0	1.0	10.0	0.25	10.0	2.0	2067.6	1955.0	7905.2	7496.0
25.0	200.0	1.0	10.0	0.25	15.0	2.0	2066.2	1955.0	7878.2	7496.0
25.0	200.0	1.0	10.0	0.5	3.0	2.0	2069.0	1955.0	7846.6	7496.0
25.0	200.0	1.0	10.0	0.5	5.0	2.0	2066.2	1955.0	7878.6	7496.0
25.0	200.0	1.0	10.0	0.5	7.0	2.0	2062.6	1955.0	7849.0	7496.0
25.0	200.0	1.0	10.0	0.5	10.0	2.0	2062.0	1955.0	7803.2	7496.0
25.0	200.0	1.0	10.0	0.5	15.0	2.0	2070.0	1955.0	7791.8	7496.0
25.0	200.0	1.0	10.0	0.75	3.0	2.0	2070.8	1955.0	7857.4	7496.0
25.0	200.0	1.0	10.0	0.75	5.0	2.0	2066.6	1955.0	7925.0	7496.0
25.0	200.0	1.0	10.0	0.75	7.0	2.0	2064.2	1955.0	7853.0	7496.0
25.0	200.0	1.0	10.0	0.75	10.0	2.0	2067.2	1955.0	7896.2	7496.0
25.0	200.0	1.0	10.0	0.75	15.0	2.0	2072.2	1955.0	7851.0	7496.0
25.0	200.0	1.0	15.0	0.25	3.0	2.0	2078.2	1955.0	8084.0	7496.0
25.0	200.0	1.0	15.0	0.25	5.0	2.0	2086.0	1955.0	8001.4	7496.0
25.0	200.0	1.0	15.0	0.25	7.0	2.0	2076.2	1955.0	8071.6	7496.0
25.0	200.0	1.0	15.0	0.25	10.0	2.0	2082.2	1955.0	8059.4	7496.0
25.0	200.0	1.0	15.0	0.25	15.0	2.0	2082.2	1955.0	8022.0	7496.0
25.0	200.0	1.0	15.0	0.5	3.0	2.0	2081.8	1955.0	7987.4	7496.0
25.0	200.0	1.0	15.0	0.5	5.0	2.0	2075.0	1955.0	8048.8	7496.0
25.0	200.0	1.0	15.0	0.5	7.0	2.0	2077.4	1955.0	8010.4	7496.0
25.0	200.0	1.0	15.0	0.5	10.0	2.0	2075.4	1955.0	8021.4	7496.0
25.0	200.0	1.0	15.0	0.5	15.0	2.0	2074.6	1955.0	7968.8	7496.0
25.0	200.0	1.0	15.0	0.75	3.0	2.0	2079.4	1955.0	8032.2	7496.0
25.0	200.0	1.0	15.0	0.75	5.0	2.0	2074.6	1955.0	7998.6	7496.0
25.0	200.0	1.0	15.0	0.75	7.0	2.0	2067.2	1955.0	7933.0	7496.0
25.0	200.0	1.0	15.0	0.75	10.0	2.0	2078.2	1955.0	8034.6	7496.0
25.0	200.0	1.0	15.0	0.75	15.0	2.0	2080.6	1955.0	7982.6	7496.0
25.0	200.0	1.5	2.5	0.25	3.0	2.0	2094.6	1955.0	8564.6	7496.0
25.0	200.0	1.5	2.5	0.25	5.0	2.0	2125.2	1955.0	8144.6	7496.0
25.0	200.0	1.5	2.5	0.25	7.0	2.0	2126.0	1955.0	7998.2	7496.0
25.0	200.0	1.5	2.5	0.25	10.0	2.0	2083.8	1955.0	8187.2	7496.0
25.0	200.0	1.5	2.5	0.25	15.0	2.0	2108.4	1955.0	8145.4	7496.0
25.0	200.0	1.5	2.5	0.5	3.0	2.0	2119.2	1955.0	8115.6	7496.0
25.0	200.0	1.5	2.5	0.5	5.0	2.0	2121.2	1955.0	7925.8	7496.0
25.0	200.0	1.5	2.5	0.5	7.0	2.0	2145.4	1955.0	8235.6	7496.0
25.0	200.0	1.5	2.5	0.5	10.0	2.0	2122.4	1955.0	8089.2	7496.0
25.0	200.0	1.5	2.5	0.5	15.0	2.0	2104.8	1955.0	8024.8	7496.0
25.0	200.0	1.5	2.5	0.75	3.0	2.0	2099.6	1955.0	8010.8	7496.0
25.0	200.0	1.5	2.5	0.75	5.0	2.0	2098.6	1955.0	7959.0	7496.0
25.0	200.0	1.5	2.5	0.75	7.0	2.0	2091.6	1955.0	8039.6	7496.0
25.0	200.0	1.5	2.5	0.75	10.0	2.0	2104.0	1955.0	8172.8	7496.0
25.0	200.0	1.5	2.5	0.75	15.0	2.0	2086.4	1955.0	7957.2	7496.0
25.0	200.0	1.5	5.0	0.25	3.0	2.0	2081.0	1955.0	7897.0	7496.0
25.0	200.0	1.5	5.0	0.25	5.0	2.0	2097.4	1955.0	8212.2	7496.0
25.0	200.0	1.5	5.0	0.25	7.0	2.0	2101.0	1955.0	8114.2	7496.0
25.0	200.0	1.5	5.0	0.25	10.0	2.0	2111.4	1955.0	8072.4	7496.0
25.0	200.0	1.5	5.0	0.25	15.0	2.0	2065.8	1955.0	8030.6	7496.0
25.0	200.0	1.5	5.0	0.5	3.0	2.0	2072.8	1955.0	7975.4	7496.0
25.0	200.0	1.5	5.0	0.5	5.0	2.0	2067.2	1955.0	7772.0	7496.0
25.0	200.0	1.5	5.0	0.5	7.0	2.0	2083.8	1955.0	7976.0	7496.0
25.0	200.0	1.5	5.0	0.5	10.0	2.0	2076.4	1955.0	8117.6	7496.0
25.0	200.0	1.5	5.0	0.5	15.0	2.0	2077.4	1955.0	8042.2	7496.0
25.0	200.0	1.5	5.0	0.75	3.0	2.0	2058.0	1955.0	7837.2	7496.0
25.0	200.0	1.5	5.0	0.75	5.0	2.0	2080.8	1955.0	7855.6	7496.0
25.0	200.0	1.5	5.0	0.75	7.0	2.0	2073.4	1955.0	7779.2	7496.0
25.0	200.0	1.5	5.0	0.75	10.0	2.0	2089.2	1955.0	7880.8	7496.0
25.0	200.0	1.5	5.0	0.75	15.0	2.0	2073.6	1955.0	7909.2	7496.0
25.0	200.0	1.5	10.0	0.25	3.0	2.0	2089.6	1955.0	7865.6	7496.0
25.0	200.0	1.5	10.0	0.25	5.0	2.0	2077.2	1955.0	8049.0	7496.0
25.0	200.0	1.5	10.0	0.25	7.0	2.0	2083.8	1955.0	7899.0	7496.0
25.0	200.0	1.5	10.0	0.25	10.0	2.0	2067.0	1955.0	7858.8	7496.0
25.0	200.0	1.5	10.0	0.25	15.0	2.0	2080.6	1955.0	7931.6	7496.0
25.0	200.0	1.5	10.0	0.5	3.0	2.0	2070.8	1955.0	7882.2	7496.0
25.0	200.0	1.5	10.0	0.5	5.0	2.0	2071.0	1955.0	7923.6	7496.0
25.0	200.0	1.5	10.0	0.5	7.0	2.0	2065.8	1955.0	7964.6	7496.0
25.0	200.0	1.5	10.0	0.5	10.0	2.0	2075.6	1955.0	7992.8	7496.0
25.0	200.0	1.5	10.0	0.5	15.0	2.0	2090.0	1955.0	7897.6	7496.0
25.0	200.0	1.5	10.0	0.75	3.0	2.0	2086.2	1955.0	7931.6	7496.0
25.0	200.0	1.5	10.0	0.75	5.0	2.0	2072.6	1955.0	7927.2	7496.0
25.0	200.0	1.5	10.0	0.75	7.0	2.0	2073.6	1955.0	7970.0	7496.0
25.0	200.0	1.5	10.0	0.75	10.0	2.0	2073.8	1955.0	8059.0	7496.0
25.0	200.0	1.5	10.0	0.75	15.0	2.0	2072.8	1955.0	7819.2	7496.0
25.0	200.0	1.5	15.0	0.25	3.0	2.0	2076.2	1955.0	8042.6	7496.0
25.0	200.0	1.5	15.0	0.25	5.0	2.0	2077.8	1955.0	8092.0	7496.0
25.0	200.0	1.5	15.0	0.25	7.0	2.0	2105.8	1955.0	8074.6	7496.0
25.0	200.0	1.5	15.0	0.25	10.0	2.0	2071.4	1955.0	8054.8	7496.0
25.0	200.0	1.5	15.0	0.25	15.0	2.0	2100.0	1955.0	8063.0	7496.0
25.0	200.0	1.5	15.0	0.5	3.0	2.0	2075.8	1955.0	8070.4	7496.0
25.0	200.0	1.5	15.0	0.5	5.0	2.0	2078.6	1955.0	8062.4	7496.0
25.0	200.0	1.5	15.0	0.5	7.0	2.0	2072.6	1955.0	8075.4	7496.0
25.0	200.0	1.5	15.0	0.5	10.0	2.0	2091.8	1955.0	8056.0	7496.0
25.0	200.0	1.5	15.0	0.5	15.0	2.0	2078.8	1955.0	8044.0	7496.0
25.0	200.0	1.5	15.0	0.75	3.0	2.0	2078.6	1955.0	8043.8	7496.0
25.0	200.0	1.5	15.0	0.75	5.0	2.0	2075.4	1955.0	7842.4	7496.0
