5.0	50.0	0.5	5.0	0.25	5.0	0.0	2089.0	1955.0	8098.0	7496.0
5.0	50.0	0.5	5.0	0.25	5.0	0.0	2100.0	1955.0	7943.0	7496.0
5.0	50.0	0.5	5.0	0.25	5.0	0.0	2088.0	1955.0	8234.0	7496.0
5.0	50.0	0.5	5.0	0.25	5.0	0.0	2087.0	1955.0	8470.0	7496.0
5.0	50.0	0.5	5.0	0.25	5.0	0.0	2103.9	1955.0	8178.5	7496.0
5.0	50.0	0.5	5.0	0.25	5.0	1.0	2069.0	1955.0	8363.0	7496.0
5.0	50.0	0.5	5.0	0.25	5.0	1.0	2151.0	1955.0	8426.0	7496.0
5.0	50.0	0.5	5.0	0.25	5.0	2.0	2096.0	1955.0	7872.0	7496.0
5.0	50.0	0.5	5.0	0.25	5.0	2.0	2134.0	1955.0	7785.0	7496.0
5.0	50.0	0.5	5.0	0.25	5.0	2.0	2104.1	1955.0	8192.4	7496.0
5.0	50.0	0.5	5.0	0.25	10.0	0.0	2127.3	1955.0	8305.5	7496.0
5.0	50.0	0.5	5.0	0.25	10.0	1.0	2068.0	1955.0	8700.0	7496.0
5.0	50.0	0.5	5.0	0.25	10.0	1.0	2158.9	1955.0	8357.5	7496.0
5.0	50.0	0.5	5.0	0.25	10.0	2.0	2057.0	1955.0	7961.0	7496.0
5.0	50.0	0.5	5.0	0.25	10.0	2.0	2121.7	1955.0	8237.2	7496.0
5.0	50.0	0.5	5.0	0.25	15.0	0.0	2108.0	1955.0	8110.6	7496.0
5.0	50.0	0.5	5.0	0.25	15.0	1.0	2124.3	1955.0	8385.2	7496.0
5.0	50.0	0.5	5.0	0.25	15.0	2.0	2268.0	1955.0	7740.0	7496.0
5.0	50.0	0.5	5.0	0.25	15.0	2.0	2139.1	1955.0	8186.3	7496.0
5.0	50.0	0.5	5.0	0.5	5.0	0.0	2046.0	1955.0	8089.0	7496.0
5.0	50.0	0.5	5.0	0.5	5.0	0.0	2090.6	1955.0	8184.0	7496.0
5.0	50.0	0.5	5.0	0.5	5.0	1.0	2133.1	1955.0	8320.8	7496.0
5.0	50.0	0.5	5.0	0.5	5.0	2.0	2108.7	1955.0	8159.9	7496.0
5.0	50.0	0.5	5.0	0.5	10.0	0.0	2040.0	1955.0	8487.0	7496.0
5.0	50.0	0.5	5.0	0.5	10.0	0.0	2081.7	1955.0	8111.1	7496.0
5.0	50.0	0.5	5.0	0.5	10.0	1.0	2125.9	1955.0	8365.7	7496.0
5.0	50.0	0.5	5.0	0.5	10.0	2.0	2114.5	1955.0	8159.0	7496.0
5.0	50.0	0.5	5.0	0.5	15.0	0.0	2062.0	1955.0	7718.0	7496.0
5.0	50.0	0.5	5.0	0.5	15.0	0.0	2093.3	1955.0	8124.8	7496.0
5.0	50.0	0.5	5.0	0.5	15.0	1.0	2123.0	1955.0	7686.0	7496.0
5.0	50.0	0.5	5.0	0.5	15.0	1.0	2133.5	1955.0	8244.8	7496.0
5.0	50.0	0.5	5.0	0.5	15.0	2.0	2121.5	1955.0	8120.1	7496.0
5.0	50.0	0.5	5.0	0.75	5.0	0.0	2038.0	1955.0	8146.0	7496.0
5.0	50.0	0.5	5.0	0.75	5.0	0.0	2100.8	1955.0	8150.4	7496.0
5.0	50.0	0.5	5.0	0.75	5.0	1.0	2124.5	1955.0	8394.8	7496.0
5.0	50.0	0.5	5.0	0.75	5.0	2.0	2110.6	1955.0	8020.9	7496.0
5.0	50.0	0.5	5.0	0.75	10.0	0.0	2088.5	1955.0	8229.8	7496.0
5.0	50.0	0.5	5.0	0.75	10.0	1.0	2126.7	1955.0	8347.3	7496.0
5.0	50.0	0.5	5.0	0.75	10.0	2.0	2095.0	1955.0	7666.0	7496.0
5.0	50.0	0.5	5.0	0.75	10.0	2.0	2092.7	1955.0	8120.6	7496.0
5.0	50.0	0.5	5.0	0.75	15.0	0.0	2095.1	1955.0	8086.4	7496.0
5.0	50.0	0.5	5.0	0.75	15.0	1.0	2130.6	1955.0	8244.7	7496.0
5.0	50.0	0.5	5.0	0.75	15.0	2.0	2121.6	1955.0	8105.6	7496.0
5.0	50.0	0.5	10.0	0.25	5.0	0.0	2084.7	1955.0	8124.2	7496.0
5.0	50.0	0.5	10.0	0.25	5.0	1.0	2085.0	1955.0	7662.0	7496.0
5.0	50.0	0.5	10.0	0.25	5.0	1.0	2114.6	1955.0	8183.8	7496.0
5.0	50.0	0.5	10.0	0.25	5.0	2.0	2089.0	1955.0	8200.0	7496.0
5.0	50.0	0.5	10.0	0.25	10.0	0.0	2084.8	1955.0	8158.9	7496.0
5.0	50.0	0.5	10.0	0.25	10.0	1.0	2110.7	1955.0	8223.7	7496.0
5.0	50.0	0.5	10.0	0.25	10.0	2.0	2108.4	1955.0	8278.5	7496.0
5.0	50.0	0.5	10.0	0.25	15.0	0.0	2114.0	1955.0	8036.4	7496.0
5.0	50.0	0.5	10.0	0.25	15.0	1.0	2101.9	1955.0	8206.8	7496.0
5.0	50.0	0.5	10.0	0.25	15.0	2.0	2098.2	1955.0	8060.2	7496.0
5.0	50.0	0.5	10.0	0.5	5.0	0.0	2087.4	1955.0	8110.9	7496.0
5.0	50.0	0.5	10.0	0.5	5.0	1.0	2110.1	1955.0	8193.8	7496.0
5.0	50.0	0.5	10.0	0.5	5.0	2.0	2082.1	1955.0	8073.3	7496.0
5.0	50.0	0.5	10.0	0.5	10.0	0.0	2086.3	1955.0	8076.2	7496.0
5.0	50.0	0.5	10.0	0.5	10.0	1.0	2102.3	1955.0	8096.7	7496.0
5.0	50.0	0.5	10.0	0.5	10.0	2.0	2093.8	1955.0	8056.5	7496.0
5.0	50.0	0.5	10.0	0.5	15.0	0.0	2083.8	1955.0	8073.1	7496.0
5.0	50.0	0.5	10.0	0.5	15.0	1.0	2102.1	1955.0	7987.4	7496.0
5.0	50.0	0.5	10.0	0.5	15.0	2.0	2089.1	1955.0	8115.8	7496.0
5.0	50.0	0.5	10.0	0.75	5.0	0.0	2085.9	1955.0	8054.0	7496.0
5.0	50.0	0.5	10.0	0.75	5.0	1.0	2092.8	1955.0	8070.6	7496.0
5.0	50.0	0.5	10.0	0.75	5.0	2.0	2085.9	1955.0	8109.9	7496.0
5.0	50.0	0.5	10.0	0.75	10.0	0.0	2087.7	1955.0	8030.2	7496.0
5.0	50.0	0.5	10.0	0.75	10.0	1.0	2091.0	1955.0	8150.9	7496.0
5.0	50.0	0.5	10.0	0.75	10.0	2.0	2091.0	1955.0	8072.2	7496.0
5.0	50.0	0.5	10.0	0.75	15.0	0.0	2091.2	1955.0	8081.6	7496.0
5.0	50.0	0.5	10.0	0.75	15.0	1.0	2105.2	1955.0	8154.5	7496.0
5.0	50.0	0.5	10.0	0.75	15.0	2.0	2080.7	1955.0	8047.5	7496.0
5.0	50.0	0.5	15.0	0.25	5.0	0.0	2083.5	1955.0	8090.2	7496.0
5.0	50.0	0.5	15.0	0.25	5.0	1.0	2113.3	1955.0	8295.7	7496.0
5.0	50.0	0.5	15.0	0.25	5.0	2.0	2133.6	1955.0	8085.1	7496.0
5.0	50.0	0.5	15.0	0.25	10.0	0.0	2095.7	1955.0	8121.6	7496.0
5.0	50.0	0.5	15.0	0.25	10.0	1.0	2109.3	1955.0	8196.2	7496.0
5.0	50.0	0.5	15.0	0.25	10.0	2.0	2089.1	1955.0	8135.0	7496.0
5.0	50.0	0.5	15.0	0.25	15.0	0.0	2106.2	1955.0	8077.0	7496.0
5.0	50.0	0.5	15.0	0.25	15.0	1.0	2098.6	1955.0	8173.0	7496.0
5.0	50.0	0.5	15.0	0.25	15.0	2.0	2109.7	1955.0	8159.8	7496.0
5.0	50.0	0.5	15.0	0.5	5.0	0.0	2087.2	1955.0	8102.2	7496.0
5.0	50.0	0.5	15.0	0.5	5.0	1.0	2101.8	1955.0	8097.3	7496.0
5.0	50.0	0.5	15.0	0.5	5.0	2.0	2094.7	1955.0	8042.1	7496.0
5.0	50.0	0.5	15.0	0.5	10.0	0.0	2089.1	1955.0	8094.6	7496.0
5.0	50.0	0.5	15.0	0.5	10.0	1.0	2115.0	1955.0	8129.0	7496.0
5.0	50.0	0.5	15.0	0.5	10.0	2.0	2092.5	1955.0	8108.4	7496.0
5.0	50.0	0.5	15.0	0.5	15.0	0.0	2085.3	1955.0	8036.5	7496.0
5.0	50.0	0.5	15.0	0.5	15.0	1.0	2102.4	1955.0	8167.8	7496.0
5.0	50.0	0.5	15.0	0.5	15.0	2.0	2095.9	1955.0	8121.7	7496.0
5.0	50.0	0.5	15.0	0.75	5.0	0.0	2085.2	1955.0	8177.0	7496.0
5.0	50.0	0.5	15.0	0.75	5.0	1.0	2097.2	1955.0	8215.5	7496.0
5.0	50.0	0.5	15.0	0.75	5.0	2.0	2090.5	1955.0	8125.9	7496.0
5.0	50.0	0.5	15.0	0.75	10.0	0.0	2091.1	1955.0	8105.4	7496.0
5.0	50.0	0.5	15.0	0.75	10.0	1.0	2103.2	1955.0	8138.0	7496.0
5.0	50.0	0.5	15.0	0.75	10.0	2.0	2099.4	1955.0	8176.9	7496.0
5.0	50.0	0.5	15.0	0.75	15.0	0.0	2086.3	1955.0	8107.7	7496.0
5.0	50.0	0.5	15.0	0.75	15.0	1.0	2091.4	1955.0	8097.4	7496.0
5.0	50.0	0.5	15.0	0.75	15.0	2.0	2090.9	1955.0	8096.3	7496.0
5.0	50.0	1.0	5.0	0.25	5.0	0.0	2146.2	1955.0	8455.0	7496.0
5.0	50.0	1.0	5.0	0.25	5.0	1.0	2222.3	1955.0	8576.6	7496.0
5.0	50.0	1.0	5.0	0.25	5.0	2.0	2199.0	1955.0	8659.8	7496.0
5.0	50.0	1.0	5.0	0.25	10.0	0.0	2180.3	1955.0	8461.5	7496.0
5.0	50.0	1.0	5.0	0.25	10.0	1.0	2200.5	1955.0	8502.3	7496.0
5.0	50.0	1.0	5.0	0.25	10.0	2.0	2204.8	1955.0	8540.7	7496.0
5.0	50.0	1.0	5.0	0.25	15.0	0.0	2190.7	1955.0	8583.7	7496.0
5.0	50.0	1.0	5.0	0.25	15.0	1.0	2215.4	1955.0	8671.9	7496.0
5.0	50.0	1.0	5.0	0.25	15.0	2.0	2182.7	1955.0	8345.0	7496.0
5.0	50.0	1.0	5.0	0.5	5.0	0.0	2094.9	1955.0	8148.9	7496.0
5.0	50.0	1.0	5.0	0.5	5.0	1.0	2181.3	1955.0	8549.9	7496.0
5.0	50.0	1.0	5.0	0.5	5.0	2.0	2210.4	1955.0	8499.0	7496.0
5.0	50.0	1.0	5.0	0.5	10.0	0.0	2133.4	1955.0	8278.5	7496.0
5.0	50.0	1.0	5.0	0.5	10.0	1.0	2169.1	1955.0	8508.2	7496.0
5.0	50.0	1.0	5.0	0.5	10.0	2.0	2165.5	1955.0	8305.4	7496.0
5.0	50.0	1.0	5.0	0.5	15.0	0.0	2110.0	1955.0	8320.3	7496.0
5.0	50.0	1.0	5.0	0.5	15.0	1.0	2211.8	1955.0	8435.4	7496.0
5.0	50.0	1.0	5.0	0.5	15.0	2.0	2189.5	1955.0	8443.5	7496.0
5.0	50.0	1.0	5.0	0.75	5.0	0.0	2078.4	1955.0	8074.5	7496.0
5.0	50.0	1.0	5.0	0.75	5.0	1.0	2180.5	1955.0	8423.9	7496.0
5.0	50.0	1.0	5.0	0.75	5.0	2.0	2227.0	1955.0	7543.0	7496.0
5.0	50.0	1.0	5.0	0.75	5.0	2.0	2142.6	1955.0	8086.5	7496.0
5.0	50.0	1.0	5.0	0.75	10.0	0.0	2093.9	1955.0	8169.0	7496.0
5.0	50.0	1.0	5.0	0.75	10.0	1.0	2212.4	1955.0	8381.2	7496.0
5.0	50.0	1.0	5.0	0.75	10.0	2.0	2140.6	1955.0	8402.1	7496.0
5.0	50.0	1.0	5.0	0.75	15.0	0.0	2101.7	1955.0	8157.0	7496.0
5.0	50.0	1.0	5.0	0.75	15.0	1.0	2176.4	1955.0	8423.9	7496.0
5.0	50.0	1.0	5.0	0.75	15.0	2.0	2136.5	1955.0	8374.7	7496.0
5.0	50.0	1.0	10.0	0.25	5.0	0.0	2143.9	1955.0	8126.4	7496.0
5.0	50.0	1.0	10.0	0.25	5.0	1.0	2138.7	1955.0	8356.7	7496.0
5.0	50.0	1.0	10.0	0.25	5.0	2.0	2130.3	1955.0	8414.6	7496.0
5.0	50.0	1.0	10.0	0.25	10.0	0.0	2128.8	1955.0	8229.9	7496.0
5.0	50.0	1.0	10.0	0.25	10.0	1.0	2119.7	1955.0	8418.7	7496.0
5.0	50.0	1.0	10.0	0.25	10.0	2.0	2146.0	1955.0	8444.3	7496.0
5.0	50.0	1.0	10.0	0.25	15.0	0.0	2117.1	1955.0	8196.2	7496.0
5.0	50.0	1.0	10.0	0.25	15.0	1.0	2164.7	1955.0	8224.7	7496.0
5.0	50.0	1.0	10.0	0.25	15.0	2.0	2109.5	1955.0	8308.3	7496.0
5.0	50.0	1.0	10.0	0.5	5.0	0.0	2091.6	1955.0	8125.6	7496.0
5.0	50.0	1.0	10.0	0.5	5.0	1.0	2111.5	1955.0	8370.3	7496.0
5.0	50.0	1.0	10.0	0.5	5.0	2.0	2022.0	1955.0	8368.0	7496.0
5.0	50.0	1.0	10.0	0.5	5.0	2.0	2098.6	1955.0	8124.1	7496.0
5.0	50.0	1.0	10.0	0.5	10.0	0.0	2105.4	1955.0	8180.7	7496.0
5.0	50.0	1.0	10.0	0.5	10.0	1.0	2148.9	1955.0	8484.5	7496.0
5.0	50.0	1.0	10.0	0.5	10.0	2.0	2107.5	1955.0	8292.5	7496.0
5.0	50.0	1.0	10.0	0.5	15.0	0.0	2099.0	1955.0	8257.2	7496.0
5.0	50.0	1.0	10.0	0.5	15.0	1.0	2132.9	1955.0	8373.8	7496.0
5.0	50.0	1.0	10.0	0.5	15.0	2.0	2101.6	1955.0	8172.6	7496.0
5.0	50.0	1.0	10.0	0.75	5.0	0.0	2086.8	1955.0	8209.2	7496.0
5.0	50.0	1.0	10.0	0.75	5.0	1.0	2120.2	1955.0	8176.2	7496.0
5.0	50.0	1.0	10.0	0.75	5.0	2.0	2095.2	1955.0	8130.2	7496.0
5.0	50.0	1.0	10.0	0.75	10.0	0.0	2100.2	1955.0	8119.8	7496.0
5.0	50.0	1.0	10.0	0.75	10.0	1.0	2157.6	1955.0	8202.3	7496.0
5.0	50.0	1.0	10.0	0.75	10.0	2.0	2108.9	1955.0	8262.5	7496.0
5.0	50.0	1.0	10.0	0.75	15.0	0.0	2097.1	1955.0	8075.1	7496.0
5.0	50.0	1.0	10.0	0.75	15.0	1.0	2121.9	1955.0	8243.3	7496.0
5.0	50.0	1.0	10.0	0.75	15.0	2.0	2099.7	1955.0	8114.8	7496.0
5.0	50.0	1.0	15.0	0.25	5.0	0.0	2125.4	1955.0	8237.9	7496.0
5.0	50.0	1.0	15.0	0.25	5.0	1.0	2124.7	1955.0	8305.3	7496.0
5.0	50.0	1.0	15.0	0.25	5.0	2.0	2113.7	1955.0	8290.8	7496.0
5.0	50.0	1.0	15.0	0.25	10.0	0.0	2103.5	1955.0	8148.9	7496.0
5.0	50.0	1.0	15.0	0.25	10.0	1.0	2150.9	1955.0	8365.7	7496.0
5.0	50.0	1.0	15.0	0.25	10.0	2.0	2114.5	1955.0	8218.7	7496.0
5.0	50.0	1.0	15.0	0.25	15.0	0.0	2100.5	1955.0	8153.5	7496.0
5.0	50.0	1.0	15.0	0.25	15.0	1.0	2136.8	1955.0	8276.6	7496.0
5.0	50.0	1.0	15.0	0.25	15.0	2.0	2115.9	1955.0	8293.5	7496.0
5.0	50.0	1.0	15.0	0.5	5.0	0.0	2131.0	1955.0	8082.4	7496.0
5.0	50.0	1.0	15.0	0.5	5.0	1.0	2109.5	1955.0	8143.6	7496.0
5.0	50.0	1.0	15.0	0.5	5.0	2.0	2103.7	1955.0	8245.5	7496.0
5.0	50.0	1.0	15.0	0.5	10.0	0.0	2101.6	1955.0	8150.8	7496.0
5.0	50.0	1.0	15.0	0.5	10.0	1.0	2125.1	1955.0	8290.7	7496.0
5.0	50.0	1.0	15.0	0.5	10.0	2.0	2111.6	1955.0	8197.1	7496.0
5.0	50.0	1.0	15.0	0.5	15.0	0.0	2104.2	1955.0	8255.5	7496.0
5.0	50.0	1.0	15.0	0.5	15.0	1.0	2124.0	1955.0	8380.5	7496.0
5.0	50.0	1.0	15.0	0.5	15.0	2.0	2098.1	1955.0	8190.2	7496.0
5.0	50.0	1.0	15.0	0.75	5.0	0.0	2087.2	1955.0	8074.4	7496.0
5.0	50.0	1.0	15.0	0.75	5.0	1.0	2122.3	1955.0	8366.0	7496.0
5.0	50.0	1.0	15.0	0.75	5.0	2.0	2103.3	1955.0	8230.0	7496.0
5.0	50.0	1.0	15.0	0.75	10.0	0.0	2104.2	1955.0	8092.6	7496.0
5.0	50.0	1.0	15.0	0.75	10.0	1.0	2110.1	1955.0	8182.0	7496.0
5.0	50.0	1.0	15.0	0.75	10.0	2.0	2110.4	1955.0	8161.5	7496.0
5.0	50.0	1.0	15.0	0.75	15.0	0.0	2098.3	1955.0	8120.8	7496.0
5.0	50.0	1.0	15.0	0.75	15.0	1.0	2118.1	1955.0	8227.1	7496.0
5.0	50.0	1.0	15.0	0.75	15.0	2.0	2111.3	1955.0	8139.4	7496.0
5.0	50.0	1.5	5.0	0.25	5.0	0.0	2189.0	1955.0	8548.4	7496.0
5.0	50.0	1.5	5.0	0.25	5.0	1.0	2277.4	1955.0	8678.8	7496.0
5.0	50.0	1.5	5.0	0.25	5.0	2.0	2208.6	1955.0	8789.8	7496.0
5.0	50.0	1.5	5.0	0.25	10.0	0.0	2195.5	1955.0	8756.9	7496.0
5.0	50.0	1.5	5.0	0.25	10.0	1.0	2218.0	1955.0	8735.4	7496.0
5.0	50.0	1.5	5.0	0.25	10.0	2.0	2225.4	1955.0	8955.9	7496.0
5.0	50.0	1.5	5.0	0.25	15.0	0.0	2196.1	1955.0	8616.6	7496.0
5.0	50.0	1.5	5.0	0.25	15.0	1.0	2209.9	1955.0	8780.3	7496.0
5.0	50.0	1.5	5.0	0.25	15.0	2.0	2246.4	1955.0	8622.4	7496.0
5.0	50.0	1.5	5.0	0.5	5.0	0.0	2162.4	1955.0	8494.5	7496.0
5.0	50.0	1.5	5.0	0.5	5.0	1.0	2236.7	1955.0	8640.0	7496.0
5.0	50.0	1.5	5.0	0.5	5.0	2.0	2206.5	1955.0	8576.1	7496.0
5.0	50.0	1.5	5.0	0.5	10.0	0.0	2165.6	1955.0	8452.5	7496.0
5.0	50.0	1.5	5.0	0.5	10.0	1.0	2252.8	1955.0	8573.1	7496.0
5.0	50.0	1.5	5.0	0.5	10.0	2.0	2235.0	1955.0	8723.9	7496.0
5.0	50.0	1.5	5.0	0.5	15.0	0.0	2239.7	1955.0	8256.7	7496.0
5.0	50.0	1.5	5.0	0.5	15.0	1.0	2280.5	1955.0	8827.8	7496.0
5.0	50.0	1.5	5.0	0.5	15.0	2.0	2225.9	1955.0	8740.1	7496.0
5.0	50.0	1.5	5.0	0.75	5.0	0.0	2132.9	1955.0	8120.2	7496.0
5.0	50.0	1.5	5.0	0.75	5.0	1.0	2206.0	1955.0	8568.9	7496.0
5.0	50.0	1.5	5.0	0.75	5.0	2.0	2148.4	1955.0	8507.2	7496.0
5.0	50.0	1.5	5.0	0.75	10.0	0.0	2159.0	1955.0	8452.5	7496.0
5.0	50.0	1.5	5.0	0.75	10.0	1.0	2218.4	1955.0	8482.8	7496.0
5.0	50.0	1.5	5.0	0.75	10.0	2.0	2205.6	1955.0	8568.1	7496.0
5.0	50.0	1.5	5.0	0.75	15.0	0.0	2161.8	1955.0	8417.7	7496.0
5.0	50.0	1.5	5.0	0.75	15.0	1.0	2237.0	1955.0	8520.9	7496.0
5.0	50.0	1.5	5.0	0.75	15.0	2.0	2211.6	1955.0	8505.1	7496.0
5.0	50.0	1.5	10.0	0.25	5.0	0.0	2105.0	1955.0	8122.0	7496.0
5.0	50.0	1.5	10.0	0.25	5.0	1.0	2190.0	1955.0	8566.8	7496.0
5.0	50.0	1.5	10.0	0.25	5.0	2.0	2117.3	1955.0	8258.1	7496.0
5.0	50.0	1.5	10.0	0.25	10.0	0.0	2131.2	1955.0	8368.4	7496.0
5.0	50.0	1.5	10.0	0.25	10.0	1.0	2180.9	1955.0	8518.6	7496.0
5.0	50.0	1.5	10.0	0.25	10.0	2.0	2175.4	1955.0	8429.0	7496.0
5.0	50.0	1.5	10.0	0.25	15.0	0.0	2170.8	1955.0	8524.2	7496.0
5.0	50.0	1.5	10.0	0.25	15.0	1.0	2188.8	1955.0	8602.0	7496.0
5.0	50.0	1.5	10.0	0.25	15.0	2.0	2122.0	1955.0	8428.3	7496.0
5.0	50.0	1.5	10.0	0.5	5.0	0.0	2098.8	1955.0	8133.3	7496.0
5.0	50.0	1.5	10.0	0.5	5.0	1.0	2141.5	1955.0	8375.1	7496.0
5.0	50.0	1.5	10.0	0.5	5.0	2.0	2118.2	1955.0	8272.1	7496.0
5.0	50.0	1.5	10.0	0.5	10.0	0.0	2096.5	1955.0	8141.9	7496.0
5.0	50.0	1.5	10.0	0.5	10.0	1.0	2150.3	1955.0	8390.2	7496.0
5.0	50.0	1.5	10.0	0.5	10.0	2.0	2135.4	1955.0	8450.9	7496.0
5.0	50.0	1.5	10.0	0.5	15.0	0.0	2127.5	1955.0	8197.6	7496.0
5.0	50.0	1.5	10.0	0.5	15.0	1.0	2178.1	1955.0	8450.7	7496.0
5.0	50.0	1.5	10.0	0.5	15.0	2.0	2168.6	1955.0	8610.9	7496.0
5.0	50.0	1.5	10.0	0.75	5.0	0.0	2109.2	1955.0	8186.8	7496.0
5.0	50.0	1.5	10.0	0.75	5.0	1.0	2141.8	1955.0	8378.1	7496.0
5.0	50.0	1.5	10.0	0.75	5.0	2.0	2108.2	1955.0	8296.9	7496.0
5.0	50.0	1.5	10.0	0.75	10.0	0.0	2100.6	1955.0	8288.3	7496.0
5.0	50.0	1.5	10.0	0.75	10.0	1.0	2179.1	1955.0	8490.7	7496.0
5.0	50.0	1.5	10.0	0.75	10.0	2.0	2123.1	1955.0	8325.6	7496.0
5.0	50.0	1.5	10.0	0.75	15.0	0.0	2109.9	1955.0	8109.0	7496.0
5.0	50.0	1.5	10.0	0.75	15.0	1.0	2169.1	1955.0	8525.9	7496.0
5.0	50.0	1.5	10.0	0.75	15.0	2.0	2142.7	1955.0	8245.8	7496.0
5.0	50.0	1.5	15.0	0.25	5.0	0.0	2127.2	1955.0	8201.6	7496.0
5.0	50.0	1.5	15.0	0.25	5.0	1.0	2132.7	1955.0	8464.0	7496.0
5.0	50.0	1.5	15.0	0.25	5.0	2.0	2138.4	1955.0	8317.8	7496.0
5.0	50.0	1.5	15.0	0.25	10.0	0.0	2114.1	1955.0	8428.9	7496.0
5.0	50.0	1.5	15.0	0.25	10.0	1.0	2173.5	1955.0	8148.3	7496.0
5.0	50.0	1.5	15.0	0.25	10.0	2.0	2139.4	1955.0	8508.0	7496.0
5.0	50.0	1.5	15.0	0.25	15.0	0.0	2129.1	1955.0	8318.2	7496.0
5.0	50.0	1.5	15.0	0.25	15.0	1.0	2168.3	1955.0	8312.0	7496.0
5.0	50.0	1.5	15.0	0.25	15.0	2.0	2136.9	1955.0	8634.4	7496.0
5.0	50.0	1.5	15.0	0.5	5.0	0.0	2095.4	1955.0	8252.9	7496.0
5.0	50.0	1.5	15.0	0.5	5.0	1.0	2134.3	1955.0	8541.3	7496.0
5.0	50.0	1.5	15.0	0.5	5.0	2.0	2130.4	1955.0	8274.3	7496.0
5.0	50.0	1.5	15.0	0.5	10.0	0.0	2095.4	1955.0	8260.8	7496.0
5.0	50.0	1.5	15.0	0.5	10.0	1.0	2179.8	1955.0	8452.7	7496.0
5.0	50.0	1.5	15.0	0.5	10.0	2.0	2139.0	1955.0	8356.3	7496.0
5.0	50.0	1.5	15.0	0.5	15.0	0.0	2143.0	1955.0	8237.0	7496.0
5.0	50.0	1.5	15.0	0.5	15.0	1.0	2180.7	1955.0	8424.0	7496.0
5.0	50.0	1.5	15.0	0.5	15.0	2.0	2114.7	1955.0	8298.1	7496.0
5.0	50.0	1.5	15.0	0.75	5.0	0.0	2091.9	1955.0	8123.7	7496.0
5.0	50.0	1.5	15.0	0.75	5.0	1.0	2136.8	1955.0	8353.4	7496.0
5.0	50.0	1.5	15.0	0.75	5.0	2.0	2136.4	1955.0	8262.0	7496.0
5.0	50.0	1.5	15.0	0.75	10.0	0.0	2128.5	1955.0	8160.3	7496.0
5.0	50.0	1.5	15.0	0.75	10.0	1.0	2164.4	1955.0	8282.3	7496.0
5.0	50.0	1.5	15.0	0.75	10.0	2.0	2104.2	1955.0	8121.7	7496.0
5.0	50.0	1.5	15.0	0.75	15.0	0.0	2092.1	1955.0	8131.1	7496.0
5.0	50.0	1.5	15.0	0.75	15.0	1.0	2133.4	1955.0	8420.5	7496.0
5.0	50.0	1.5	15.0	0.75	15.0	2.0	2103.8	1955.0	8369.4	7496.0
5.0	100.0	0.5	5.0	0.25	5.0	0.0	2108.2	1955.0	8116.3	7496.0
5.0	100.0	0.5	5.0	0.25	5.0	1.0	2112.5	1955.0	8290.2	7496.0
5.0	100.0	0.5	5.0	0.25	5.0	2.0	2115.7	1955.0	8225.1	7496.0
5.0	100.0	0.5	5.0	0.25	10.0	0.0	2123.5	1955.0	8153.1	7496.0
5.0	100.0	0.5	5.0	0.25	10.0	1.0	2155.5	1955.0	8334.2	7496.0
5.0	100.0	0.5	5.0	0.25	10.0	2.0	2122.8	1955.0	8217.9	7496.0
5.0	100.0	0.5	5.0	0.25	15.0	0.0	2116.1	1955.0	8105.4	7496.0
5.0	100.0	0.5	5.0	0.25	15.0	1.0	2140.6	1955.0	8403.1	7496.0
5.0	100.0	0.5	5.0	0.25	15.0	2.0	2125.2	1955.0	8054.2	7496.0
5.0	100.0	0.5	5.0	0.5	5.0	0.0	2080.7	1955.0	7959.4	7496.0
5.0	100.0	0.5	5.0	0.5	5.0	1.0	2097.6	1955.0	8077.4	7496.0
5.0	100.0	0.5	5.0	0.5	5.0	2.0	2102.0	1955.0	8165.6	7496.0
5.0	100.0	0.5	5.0	0.5	10.0	0.0	2089.7	1955.0	7971.4	7496.0
5.0	100.0	0.5	5.0	0.5	10.0	1.0	2092.1	1955.0	8217.7	7496.0
5.0	100.0	0.5	5.0	0.5	10.0	2.0	2098.2	1955.0	8028.1	7496.0
5.0	100.0	0.5	5.0	0.5	15.0	0.0	2075.9	1955.0	7962.1	7496.0
5.0	100.0	0.5	5.0	0.5	15.0	1.0	2110.6	1955.0	8165.7	7496.0
5.0	100.0	0.5	5.0	0.5	15.0	2.0	2109.5	1955.0	8052.4	7496.0
5.0	100.0	0.5	5.0	0.75	5.0	0.0	2087.2	1955.0	7990.4	7496.0
5.0	100.0	0.5	5.0	0.75	5.0	1.0	2099.6	1955.0	8220.1	7496.0
5.0	100.0	0.5	5.0	0.75	5.0	2.0	2091.2	1955.0	7993.5	7496.0
5.0	100.0	0.5	5.0	0.75	10.0	0.0	2087.0	1955.0	7914.3	7496.0
5.0	100.0	0.5	5.0	0.75	10.0	1.0	2082.4	1955.0	8252.0	7496.0
5.0	100.0	0.5	5.0	0.75	10.0	2.0	2086.5	1955.0	8056.6	7496.0
5.0	100.0	0.5	5.0	0.75	15.0	0.0	2090.3	1955.0	7964.3	7496.0
5.0	100.0	0.5	5.0	0.75	15.0	1.0	2098.2	1955.0	8140.6	7496.0
5.0	100.0	0.5	5.0	0.75	15.0	2.0	2100.4	1955.0	8007.1	7496.0
5.0	100.0	0.5	10.0	0.25	5.0	0.0	2089.6	1955.0	8020.3	7496.0
5.0	100.0	0.5	10.0	0.25	5.0	1.0	2092.1	1955.0	8230.1	7496.0
5.0	100.0	0.5	10.0	0.25	5.0	2.0	2090.9	1955.0	8126.1	7496.0
5.0	100.0	0.5	10.0	0.25	10.0	0.0	2082.0	1955.0	8056.4	7496.0
5.0	100.0	0.5	10.0	0.25	10.0	1.0	2115.7	1955.0	8174.2	7496.0
5.0	100.0	0.5	10.0	0.25	10.0	2.0	2097.2	1955.0	8102.8	7496.0
5.0	100.0	0.5	10.0	0.25	15.0	0.0	2101.6	1955.0	8081.4	7496.0
5.0	100.0	0.5	10.0	0.25	15.0	1.0	2113.3	1955.0	8185.9	7496.0
5.0	100.0	0.5	10.0	0.25	15.0	2.0	2089.4	1955.0	8095.6	7496.0
5.0	100.0	0.5	10.0	0.5	5.0	0.0	2080.9	1955.0	8052.3	7496.0
5.0	100.0	0.5	10.0	0.5	5.0	1.0	2102.2	1955.0	8081.2	7496.0
5.0	100.0	0.5	10.0	0.5	5.0	2.0	2083.2	1955.0	8126.1	7496.0
5.0	100.0	0.5	10.0	0.5	10.0	0.0	2086.5	1955.0	8008.0	7496.0
5.0	100.0	0.5	10.0	0.5	10.0	1.0	2110.4	1955.0	8031.4	7496.0
5.0	100.0	0.5	10.0	0.5	10.0	2.0	2096.1	1955.0	8020.5	7496.0
5.0	100.0	0.5	10.0	0.5	15.0	0.0	2095.8	1955.0	7984.3	7496.0
5.0	100.0	0.5	10.0	0.5	15.0	1.0	2093.6	1955.0	8047.3	7496.0
5.0	100.0	0.5	10.0	0.5	15.0	2.0	2088.8	1955.0	8079.7	7496.0
5.0	100.0	0.5	10.0	0.75	5.0	0.0	2083.4	1955.0	8002.2	7496.0
5.0	100.0	0.5	10.0	0.75	5.0	1.0	2089.1	1955.0	8093.4	7496.0
5.0	100.0	0.5	10.0	0.75	5.0	2.0	2085.8	1955.0	8049.6	7496.0
5.0	100.0	0.5	10.0	0.75	10.0	0.0	2084.8	1955.0	7907.8	7496.0
5.0	100.0	0.5	10.0	0.75	10.0	1.0	2093.3	1955.0	7921.4	7496.0
5.0	100.0	0.5	10.0	0.75	10.0	2.0	2087.6	1955.0	8057.3	7496.0
5.0	100.0	0.5	10.0	0.75	15.0	0.0	2084.7	1955.0	8008.0	7496.0
5.0	100.0	0.5	10.0	0.75	15.0	1.0	2103.4	1955.0	8044.0	7496.0
5.0	100.0	0.5	10.0	0.75	15.0	2.0	2086.3	1955.0	8009.4	7496.0
5.0	100.0	0.5	15.0	0.25	5.0	0.0	2095.3	1955.0	8113.7	7496.0
5.0	100.0	0.5	15.0	0.25	5.0	1.0	2114.5	1955.0	8061.9	7496.0
5.0	100.0	0.5	15.0	0.25	5.0	2.0	2093.4	1955.0	8056.4	7496.0
5.0	100.0	0.5	15.0	0.25	10.0	0.0	2089.8	1955.0	8083.5	7496.0
5.0	100.0	0.5	15.0	0.25	10.0	1.0	2104.5	1955.0	8190.5	7496.0
5.0	100.0	0.5	15.0	0.25	10.0	2.0	2105.2	1955.0	8161.4	7496.0
5.0	100.0	0.5	15.0	0.25	15.0	0.0	2088.4	1955.0	8106.9	7496.0
5.0	100.0	0.5	15.0	0.25	15.0	1.0	2099.5	1955.0	8153.1	7496.0
5.0	100.0	0.5	15.0	0.25	15.0	2.0	2091.3	1955.0	8168.4	7496.0
5.0	100.0	0.5	15.0	0.5	5.0	0.0	2084.4	1955.0	8076.3	7496.0
5.0	100.0	0.5	15.0	0.5	5.0	1.0	2093.3	1955.0	8051.4	7496.0
5.0	100.0	0.5	15.0	0.5	5.0	2.0	2092.4	1955.0	8063.9	7496.0
5.0	100.0	0.5	15.0	0.5	10.0	0.0	2084.4	1955.0	8073.2	7496.0
5.0	100.0	0.5	15.0	0.5	10.0	1.0	2095.2	1955.0	8097.2	7496.0
5.0	100.0	0.5	15.0	0.5	10.0	2.0	2087.5	1955.0	8089.2	7496.0
5.0	100.0	0.5	15.0	0.5	15.0	0.0	2083.4	1955.0	8067.6	7496.0
5.0	100.0	0.5	15.0	0.5	15.0	1.0	2117.7	1955.0	8132.8	7496.0
5.0	100.0	0.5	15.0	0.5	15.0	2.0	2101.3	1955.0	8083.3	7496.0
5.0	100.0	0.5	15.0	0.75	5.0	0.0	2086.4	1955.0	8028.7	7496.0
5.0	100.0	0.5	15.0	0.75	5.0	1.0	2100.9	1955.0	8098.4	7496.0
5.0	100.0	0.5	15.0	0.75	5.0	2.0	2085.4	1955.0	8080.5	7496.0
5.0	100.0	0.5	15.0	0.75	10.0	0.0	2080.1	1955.0	8061.9	7496.0
5.0	100.0	0.5	15.0	0.75	10.0	1.0	2092.8	1955.0	8072.7	7496.0
5.0	100.0	0.5	15.0	0.75	10.0	2.0	2090.2	1955.0	8078.2	7496.0
5.0	100.0	0.5	15.0	0.75	15.0	0.0	2080.8	1955.0	8077.9	7496.0
5.0	100.0	0.5	15.0	0.75	15.0	1.0	2092.7	1955.0	8064.7	7496.0
5.0	100.0	0.5	15.0	0.75	15.0	2.0	2086.6	1955.0	8079.8	7496.0
5.0	100.0	1.0	5.0	0.25	5.0	0.0	2189.5	1955.0	8459.1	7496.0
5.0	100.0	1.0	5.0	0.25	5.0	1.0	2247.1	1955.0	8492.8	7496.0
5.0	100.0	1.0	5.0	0.25	5.0	2.0	2198.6	1955.0	8467.5	7496.0
5.0	100.0	1.0	5.0	0.25	10.0	0.0	2153.6	1955.0	8475.1	7496.0
5.0	100.0	1.0	5.0	0.25	10.0	1.0	2198.9	1955.0	8553.6	7496.0
5.0	100.0	1.0	5.0	0.25	10.0	2.0	2244.2	1955.0	8269.1	7496.0
5.0	100.0	1.0	5.0	0.25	15.0	0.0	2179.6	1955.0	8403.2	7496.0
5.0	100.0	1.0	5.0	0.25	15.0	1.0	2260.1	1955.0	8595.3	7496.0
5.0	100.0	1.0	5.0	0.25	15.0	2.0	2179.9	1955.0	8513.4	7496.0
5.0	100.0	1.0	5.0	0.5	5.0	0.0	2106.0	1955.0	8107.6	7496.0
5.0	100.0	1.0	5.0	0.5	5.0	1.0	2189.6	1955.0	8600.9	7496.0
5.0	100.0	1.0	5.0	0.5	5.0	2.0	2139.3	1955.0	8335.1	7496.0
5.0	100.0	1.0	5.0	0.5	10.0	0.0	2123.8	1955.0	8267.1	7496.0
5.0	100.0	1.0	5.0	0.5	10.0	1.0	2167.8	1955.0	8412.1	7496.0
5.0	100.0	1.0	5.0	0.5	10.0	2.0	2176.7	1955.0	8457.9	7496.0
5.0	100.0	1.0	5.0	0.5	15.0	0.0	2133.1	1955.0	8193.4	7496.0
5.0	100.0	1.0	5.0	0.5	15.0	1.0	2179.0	1955.0	8517.4	7496.0
5.0	100.0	1.0	5.0	0.5	15.0	2.0	2152.7	1955.0	8302.0	7496.0
5.0	100.0	1.0	5.0	0.75	5.0	0.0	2079.9	1955.0	7997.4	7496.0
5.0	100.0	1.0	5.0	0.75	5.0	1.0	2149.0	1955.0	8286.4	7496.0
5.0	100.0	1.0	5.0	0.75	5.0	2.0	2138.1	1955.0	8128.4	7496.0
5.0	100.0	1.0	5.0	0.75	10.0	0.0	2083.2	1955.0	7987.3	7496.0
5.0	100.0	1.0	5.0	0.75	10.0	1.0	2167.8	1955.0	8187.4	7496.0
5.0	100.0	1.0	5.0	0.75	10.0	2.0	2121.6	1955.0	8212.9	7496.0
5.0	100.0	1.0	5.0	0.75	15.0	0.0	2082.1	1955.0	8131.3	7496.0
5.0	100.0	1.0	5.0	0.75	15.0	1.0	2151.8	1955.0	8249.8	7496.0
5.0	100.0	1.0	5.0	0.75	15.0	2.0	2126.2	1955.0	8233.1	7496.0
5.0	100.0	1.0	10.0	0.25	5.0	0.0	2110.3	1955.0	8160.5	7496.0
5.0	100.0	1.0	10.0	0.25	5.0	1.0	2140.3	1955.0	8478.4	7496.0
5.0	100.0	1.0	10.0	0.25	5.0	2.0	2113.0	1955.0	8229.3	7496.0
5.0	100.0	1.0	10.0	0.25	10.0	0.0	2098.6	1955.0	8232.3	7496.0
5.0	100.0	1.0	10.0	0.25	10.0	1.0	2164.4	1955.0	8295.9	7496.0
5.0	100.0	1.0	10.0	0.25	10.0	2.0	2164.0	1955.0	8125.9	7496.0
5.0	100.0	1.0	10.0	0.25	15.0	0.0	2094.9	1955.0	8211.0	7496.0
5.0	100.0	1.0	10.0	0.25	15.0	1.0	2117.7	1955.0	8211.2	7496.0
5.0	100.0	1.0	10.0	0.25	15.0	2.0	2106.6	1955.0	8272.9	7496.0
5.0	100.0	1.0	10.0	0.5	5.0	0.0	2097.7	1955.0	8099.7	7496.0
5.0	100.0	1.0	10.0	0.5	5.0	1.0	2087.2	1955.0	8244.7	7496.0
5.0	100.0	1.0	10.0	0.5	5.0	2.0	2099.8	1955.0	8234.5	7496.0
5.0	100.0	1.0	10.0	0.5	10.0	0.0	2075.5	1955.0	8020.6	7496.0
5.0	100.0	1.0	10.0	0.5	10.0	1.0	2126.0	1955.0	8244.4	7496.0
5.0	100.0	1.0	10.0	0.5	10.0	2.0	2100.2	1955.0	8226.3	7496.0
5.0	100.0	1.0	10.0	0.5	15.0	0.0	2102.2	1955.0	8086.4	7496.0
5.0	100.0	1.0	10.0	0.5	15.0	1.0	2154.8	1955.0	8245.7	7496.0
5.0	100.0	1.0	10.0	0.5	15.0	2.0	2111.7	1955.0	8183.0	7496.0
5.0	100.0	1.0	10.0	0.75	5.0	0.0	2079.3	1955.0	7985.9	7496.0
5.0	100.0	1.0	10.0	0.75	5.0	1.0	2103.5	1955.0	8278.6	7496.0
5.0	100.0	1.0	10.0	0.75	5.0	2.0	2109.6	1955.0	8186.7	7496.0
5.0	100.0	1.0	10.0	0.75	10.0	0.0	2076.8	1955.0	8060.0	7496.0
5.0	100.0	1.0	10.0	0.75	10.0	1.0	2127.8	1955.0	8266.3	7496.0
5.0	100.0	1.0	10.0	0.75	10.0	2.0	2102.1	1955.0	8128.2	7496.0
5.0	100.0	1.0	10.0	0.75	15.0	0.0	2077.1	1955.0	8035.6	7496.0
5.0	100.0	1.0	10.0	0.75	15.0	1.0	2102.9	1955.0	8349.2	7496.0
5.0	100.0	1.0	10.0	0.75	15.0	2.0	2085.7	1955.0	8105.5	7496.0
5.0	100.0	1.0	15.0	0.25	5.0	0.0	2099.8	1955.0	8104.7	7496.0
5.0	100.0	1.0	15.0	0.25	5.0	1.0	2131.2	1955.0	8259.5	7496.0
5.0	100.0	1.0	15.0	0.25	5.0	2.0	2120.7	1955.0	8296.2	7496.0
5.0	100.0	1.0	15.0	0.25	10.0	0.0	2081.5	1955.0	8172.8	7496.0
5.0	100.0	1.0	15.0	0.25	10.0	1.0	2138.7	1955.0	8416.4	7496.0
5.0	100.0	1.0	15.0	0.25	10.0	2.0	2118.2	1955.0	8112.3	7496.0
5.0	100.0	1.0	15.0	0.25	15.0	0.0	2120.5	1955.0	8153.7	7496.0
5.0	100.0	1.0	15.0	0.25	15.0	1.0	2113.5	1955.0	8325.8	7496.0
5.0	100.0	1.0	15.0	0.25	15.0	2.0	2105.1	1955.0	8145.1	7496.0
5.0	100.0	1.0	15.0	0.5	5.0	0.0	2082.2	1955.0	8022.0	7496.0
5.0	100.0	1.0	15.0	0.5	5.0	1.0	2133.4	1955.0	8159.9	7496.0
5.0	100.0	1.0	15.0	0.5	5.0	2.0	2101.8	1955.0	8165.9	7496.0
5.0	100.0	1.0	15.0	0.5	10.0	0.0	2102.3	1955.0	8088.0	7496.0
5.0	100.0	1.0	15.0	0.5	10.0	1.0	2103.7	1955.0	8096.1	7496.0
5.0	100.0	1.0	15.0	0.5	10.0	2.0	2114.2	1955.0	8187.8	7496.0
5.0	100.0	1.0	15.0	0.5	15.0	0.0	2106.5	1955.0	8105.7	7496.0
5.0	100.0	1.0	15.0	0.5	15.0	1.0	2116.5	1955.0	8330.9	7496.0
5.0	100.0	1.0	15.0	0.5	15.0	2.0	2115.6	1955.0	8179.6	7496.0
5.0	100.0	1.0	15.0	0.75	5.0	0.0	2092.2	1955.0	8025.4	7496.0
5.0	100.0	1.0	15.0	0.75	5.0	1.0	2093.7	1955.0	8188.5	7496.0
5.0	100.0	1.0	15.0	0.75	5.0	2.0	2098.1	1955.0	8174.0	7496.0
5.0	100.0	1.0	15.0	0.75	10.0	0.0	2093.6	1955.0	8021.9	7496.0
5.0	100.0	1.0	15.0	0.75	10.0	1.0	2102.7	1955.0	8230.1	7496.0
5.0	100.0	1.0	15.0	0.75	10.0	2.0	2100.6	1955.0	8065.8	7496.0
5.0	100.0	1.0	15.0	0.75	15.0	0.0	2087.9	1955.0	8067.9	7496.0
5.0	100.0	1.0	15.0	0.75	15.0	1.0	2104.3	1955.0	8080.4	7496.0
5.0	100.0	1.0	15.0	0.75	15.0	2.0	2091.7	1955.0	8130.0	7496.0
5.0	100.0	1.5	5.0	0.25	5.0	0.0	2210.7	1955.0	8540.3	7496.0
5.0	100.0	1.5	5.0	0.25	5.0	1.0	2277.8	1955.0	8749.3	7496.0
5.0	100.0	1.5	5.0	0.25	5.0	2.0	2147.4	1955.0	8533.0	7496.0
5.0	100.0	1.5	5.0	0.25	10.0	0.0	2259.3	1955.0	8533.3	7496.0
5.0	100.0	1.5	5.0	0.25	10.0	1.0	2228.6	1955.0	8913.2	7496.0
5.0	100.0	1.5	5.0	0.25	10.0	2.0	2280.0	1955.0	8681.7	7496.0
5.0	100.0	1.5	5.0	0.25	15.0	0.0	2216.1	1955.0	8632.4	7496.0
5.0	100.0	1.5	5.0	0.25	15.0	1.0	2281.7	1955.0	8716.8	7496.0
5.0	100.0	1.5	5.0	0.25	15.0	2.0	2219.6	1955.0	8750.1	7496.0
5.0	100.0	1.5	5.0	0.5	5.0	0.0	2153.5	1955.0	8438.3	7496.0
5.0	100.0	1.5	5.0	0.5	5.0	1.0	2240.3	1955.0	8572.8	7496.0
5.0	100.0	1.5	5.0	0.5	5.0	2.0	2261.1	1955.0	8577.1	7496.0
5.0	100.0	1.5	5.0	0.5	10.0	0.0	2181.5	1955.0	8536.4	7496.0
5.0	100.0	1.5	5.0	0.5	10.0	1.0	2168.2	1955.0	8772.8	7496.0
5.0	100.0	1.5	5.0	0.5	10.0	2.0	2286.4	1955.0	8696.6	7496.0
5.0	100.0	1.5	5.0	0.5	15.0	0.0	2166.4	1955.0	8386.7	7496.0
5.0	100.0	1.5	5.0	0.5	15.0	1.0	2273.7	1955.0	8737.1	7496.0
5.0	100.0	1.5	5.0	0.5	15.0	2.0	2245.6	1955.0	8622.2	7496.0
5.0	100.0	1.5	5.0	0.75	5.0	0.0	2121.0	1955.0	8293.2	7496.0
5.0	100.0	1.5	5.0	0.75	5.0	1.0	2226.7	1955.0	8502.6	7496.0
5.0	100.0	1.5	5.0	0.75	5.0	2.0	2185.7	1955.0	8489.8	7496.0
5.0	100.0	1.5	5.0	0.75	10.0	0.0	2137.3	1955.0	8305.6	7496.0
5.0	100.0	1.5	5.0	0.75	10.0	1.0	2214.9	1955.0	8432.8	7496.0
5.0	100.0	1.5	5.0	0.75	10.0	2.0	2192.1	1955.0	8458.3	7496.0
5.0	100.0	1.5	5.0	0.75	15.0	0.0	2136.9	1955.0	8296.3	7496.0
5.0	100.0	1.5	5.0	0.75	15.0	1.0	2212.6	1955.0	8558.2	7496.0
5.0	100.0	1.5	5.0	0.75	15.0	2.0	2167.6	1955.0	8355.8	7496.0
5.0	100.0	1.5	10.0	0.25	5.0	0.0	2145.3	1955.0	8257.0	7496.0
5.0	100.0	1.5	10.0	0.25	5.0	1.0	2238.6	1955.0	8562.1	7496.0
5.0	100.0	1.5	10.0	0.25	5.0	2.0	2138.3	1955.0	8365.3	7496.0
5.0	100.0	1.5	10.0	0.25	10.0	0.0	2169.1	1955.0	8383.6	7496.0
5.0	100.0	1.5	10.0	0.25	10.0	1.0	2190.3	1955.0	8376.7	7496.0
5.0	100.0	1.5	10.0	0.25	10.0	2.0	2160.4	1955.0	8345.4	7496.0
5.0	100.0	1.5	10.0	0.25	15.0	0.0	2147.0	1955.0	8336.4	7496.0
5.0	100.0	1.5	10.0	0.25	15.0	1.0	2227.0	1955.0	8587.6	7496.0
5.0	100.0	1.5	10.0	0.25	15.0	2.0	2194.8	1955.0	8433.5	7496.0
5.0	100.0	1.5	10.0	0.5	5.0	0.0	2091.7	1955.0	8241.4	7496.0
5.0	100.0	1.5	10.0	0.5	5.0	1.0	2157.5	1955.0	8541.9	7496.0
5.0	100.0	1.5	10.0	0.5	5.0	2.0	2125.0	1955.0	8237.0	7496.0
5.0	100.0	1.5	10.0	0.5	10.0	0.0	2102.6	1955.0	8223.4	7496.0
5.0	100.0	1.5	10.0	0.5	10.0	1.0	2142.6	1955.0	8493.3	7496.0
5.0	100.0	1.5	10.0	0.5	10.0	2.0	2116.7	1955.0	8282.3	7496.0
5.0	100.0	1.5	10.0	0.5	15.0	0.0	2103.9	1955.0	8346.9	7496.0
5.0	100.0	1.5	10.0	0.5	15.0	1.0	2129.3	1955.0	8378.7	7496.0
5.0	100.0	1.5	10.0	0.5	15.0	2.0	2150.4	1955.0	8356.1	7496.0
5.0	100.0	1.5	10.0	0.75	5.0	0.0	2091.2	1955.0	8162.9	7496.0
5.0	100.0	1.5	10.0	0.75	5.0	1.0	2152.2	1955.0	8452.5	7496.0
5.0	100.0	1.5	10.0	0.75	5.0	2.0	2117.0	1955.0	8251.6	7496.0
5.0	100.0	1.5	10.0	0.75	10.0	0.0	2081.6	1955.0	8054.5	7496.0
5.0	100.0	1.5	10.0	0.75	10.0	1.0	2167.0	1955.0	8278.0	7496.0
5.0	100.0	1.5	10.0	0.75	10.0	2.0	2116.3	1955.0	8269.2	7496.0
5.0	100.0	1.5	10.0	0.75	15.0	0.0	2090.9	1955.0	8146.9	7496.0
5.0	100.0	1.5	10.0	0.75	15.0	1.0	2117.2	1955.0	8302.3	7496.0
5.0	100.0	1.5	10.0	0.75	15.0	2.0	2091.4	1955.0	8248.7	7496.0
5.0	100.0	1.5	15.0	0.25	5.0	0.0	2125.5	1955.0	8133.2	7496.0
5.0	100.0	1.5	15.0	0.25	5.0	1.0	2159.3	1955.0	8302.6	7496.0
5.0	100.0	1.5	15.0	0.25	5.0	2.0	2152.9	1955.0	8286.2	7496.0
5.0	100.0	1.5	15.0	0.25	10.0	0.0	2103.3	1955.0	8160.7	7496.0
5.0	100.0	1.5	15.0	0.25	10.0	1.0	2181.4	1955.0	8461.5	7496.0
5.0	100.0	1.5	15.0	0.25	10.0	2.0	2142.2	1955.0	8292.6	7496.0
5.0	100.0	1.5	15.0	0.25	15.0	0.0	2101.6	1955.0	8225.8	7496.0
5.0	100.0	1.5	15.0	0.25	15.0	1.0	2178.1	1955.0	8469.9	7496.0
5.0	100.0	1.5	15.0	0.25	15.0	2.0	2123.3	1955.0	8175.0	7496.0
5.0	100.0	1.5	15.0	0.5	5.0	0.0	2107.7	1955.0	8118.3	7496.0
5.0	100.0	1.5	15.0	0.5	5.0	1.0	2147.1	1955.0	8294.6	7496.0
5.0	100.0	1.5	15.0	0.5	5.0	2.0	2121.0	1955.0	8280.4	7496.0
5.0	100.0	1.5	15.0	0.5	10.0	0.0	2095.1	1955.0	8336.9	7496.0
5.0	100.0	1.5	15.0	0.5	10.0	1.0	2141.0	1955.0	8385.4	7496.0
5.0	100.0	1.5	15.0	0.5	10.0	2.0	2101.8	1955.0	8367.9	7496.0
5.0	100.0	1.5	15.0	0.5	15.0	0.0	2111.3	1955.0	8236.8	7496.0
5.0	100.0	1.5	15.0	0.5	15.0	1.0	2121.4	1955.0	8510.2	7496.0
5.0	100.0	1.5	15.0	0.5	15.0	2.0	2114.7	1955.0	8135.0	7496.0
5.0	100.0	1.5	15.0	0.75	5.0	0.0	2085.1	1955.0	8138.0	7496.0
5.0	100.0	1.5	15.0	0.75	5.0	1.0	2111.3	1955.0	8228.7	7496.0
5.0	100.0	1.5	15.0	0.75	5.0	2.0	2100.5	1955.0	8176.4	7496.0
5.0	100.0	1.5	15.0	0.75	10.0	0.0	2090.9	1955.0	8205.7	7496.0
5.0	100.0	1.5	15.0	0.75	10.0	1.0	2122.8	1955.0	8342.9	7496.0
5.0	100.0	1.5	15.0	0.75	10.0	2.0	2132.6	1955.0	8101.0	7496.0
5.0	100.0	1.5	15.0	0.75	15.0	0.0	2105.8	1955.0	8257.5	7496.0
5.0	100.0	1.5	15.0	0.75	15.0	1.0	2133.2	1955.0	8315.2	7496.0
5.0	100.0	1.5	15.0	0.75	15.0	2.0	2134.6	1955.0	8181.6	7496.0
5.0	200.0	0.5	5.0	0.25	5.0	0.0	2090.7	1955.0	8050.8	7496.0
5.0	200.0	0.5	5.0	0.25	5.0	1.0	2111.4	1955.0	8117.5	7496.0
5.0	200.0	0.5	5.0	0.25	5.0	2.0	2108.3	1955.0	8006.5	7496.0
5.0	200.0	0.5	5.0	0.25	10.0	0.0	2086.5	1955.0	7980.4	7496.0
5.0	200.0	0.5	5.0	0.25	10.0	1.0	2162.7	1955.0	8253.1	7496.0
5.0	200.0	0.5	5.0	0.25	10.0	2.0	2117.1	1955.0	8179.1	7496.0
5.0	200.0	0.5	5.0	0.25	15.0	0.0	2083.5	1955.0	8061.4	7496.0
5.0	200.0	0.5	5.0	0.25	15.0	1.0	2110.2	1955.0	8338.6	7496.0
5.0	200.0	0.5	5.0	0.25	15.0	2.0	2110.2	1955.0	8027.8	7496.0
5.0	200.0	0.5	5.0	0.5	5.0	0.0	2073.3	1955.0	7924.9	7496.0
5.0	200.0	0.5	5.0	0.5	5.0	1.0	2108.2	1955.0	8021.0	7496.0
5.0	200.0	0.5	5.0	0.5	5.0	2.0	2114.0	1955.0	7542.0	7496.0
5.0	200.0	0.5	5.0	0.5	5.0	2.0	2108.6	1955.0	7859.1	7496.0
5.0	200.0	0.5	5.0	0.5	10.0	0.0	2083.5	1955.0	7924.2	7496.0
5.0	200.0	0.5	5.0	0.5	10.0	1.0	2094.8	1955.0	8000.7	7496.0
5.0	200.0	0.5	5.0	0.5	10.0	2.0	2076.7	1955.0	7983.2	7496.0
5.0	200.0	0.5	5.0	0.5	15.0	0.0	2084.0	1955.0	7975.4	7496.0
5.0	200.0	0.5	5.0	0.5	15.0	1.0	2105.0	1955.0	8150.2	7496.0
5.0	200.0	0.5	5.0	0.5	15.0	2.0	2083.3	1955.0	7932.8	7496.0
5.0	200.0	0.5	5.0	0.75	5.0	0.0	2070.0	1955.0	7824.3	7496.0
5.0	200.0	0.5	5.0	0.75	5.0	1.0	2087.9	1955.0	7986.9	7496.0
5.0	200.0	0.5	5.0	0.75	5.0	2.0	2074.8	1955.0	7843.1	7496.0
5.0	200.0	0.5	5.0	0.75	10.0	0.0	2069.5	1955.0	7900.9	7496.0
5.0	200.0	0.5	5.0	0.75	10.0	1.0	2087.8	1955.0	8101.5	7496.0
5.0	200.0	0.5	5.0	0.75	10.0	2.0	2020.0	1955.0	8065.0	7496.0
5.0	200.0	0.5	5.0	0.75	10.0	2.0	2073.2	1955.0	7877.2	7496.0
5.0	200.0	0.5	5.0	0.75	15.0	0.0	2074.1	1955.0	7945.6	7496.0
5.0	200.0	0.5	5.0	0.75	15.0	1.0	2101.0	1955.0	8143.4	7496.0
5.0	200.0	0.5	5.0	0.75	15.0	2.0	2075.1	1955.0	7937.1	7496.0
5.0	200.0	0.5	10.0	0.25	5.0	0.0	2087.4	1955.0	7910.8	7496.0
5.0	200.0	0.5	10.0	0.25	5.0	1.0	2096.5	1955.0	7981.0	7496.0
5.0	200.0	0.5	10.0	0.25	5.0	2.0	2096.5	1955.0	8077.5	7496.0
5.0	200.0	0.5	10.0	0.25	10.0	0.0	2083.2	1955.0	8001.1	7496.0
5.0	200.0	0.5	10.0	0.25	10.0	1.0	2119.4	1955.0	8084.1	7496.0
5.0	200.0	0.5	10.0	0.25	10.0	2.0	2090.3	1955.0	7956.8	7496.0
5.0	200.0	0.5	10.0	0.25	15.0	0.0	2106.4	1955.0	7934.9	7496.0
5.0	200.0	0.5	10.0	0.25	15.0	1.0	2105.9	1955.0	8041.0	7496.0
5.0	200.0	0.5	10.0	0.25	15.0	2.0	2085.6	1955.0	8030.9	7496.0
5.0	200.0	0.5	10.0	0.5	5.0	0.0	2079.2	1955.0	8043.5	7496.0
5.0	200.0	0.5	10.0	0.5	5.0	1.0	2094.4	1955.0	7984.9	7496.0
5.0	200.0	0.5	10.0	0.5	5.0	2.0	2085.2	1955.0	7905.6	7496.0
5.0	200.0	0.5	10.0	0.5	10.0	0.0	2089.9	1955.0	8055.9	7496.0
5.0	200.0	0.5	10.0	0.5	10.0	1.0	2086.4	1955.0	7996.5	7496.0
5.0	200.0	0.5	10.0	0.5	10.0	2.0	2089.4	1955.0	8004.0	7496.0
5.0	200.0	0.5	10.0	0.5	15.0	0.0	2079.5	1955.0	7903.0	7496.0
5.0	200.0	0.5	10.0	0.5	15.0	1.0	2086.4	1955.0	7899.3	7496.0
5.0	200.0	0.5	10.0	0.5	15.0	2.0	2094.5	1955.0	7991.3	7496.0
5.0	200.0	0.5	10.0	0.75	5.0	0.0	2079.2	1955.0	7974.1	7496.0
5.0	200.0	0.5	10.0	0.75	5.0	1.0	2088.1	1955.0	8050.0	7496.0
5.0	200.0	0.5	10.0	0.75	5.0	2.0	2087.1	1955.0	7923.8	7496.0
5.0	200.0	0.5	10.0	0.75	10.0	0.0	2081.5	1955.0	7944.9	7496.0
5.0	200.0	0.5	10.0	0.75	10.0	1.0	2087.2	1955.0	7995.9	7496.0
5.0	200.0	0.5	10.0	0.75	10.0	2.0	2081.6	1955.0	7958.3	7496.0
5.0	200.0	0.5	10.0	0.75	15.0	0.0	2083.2	1955.0	7961.2	7496.0
5.0	200.0	0.5	10.0	0.75	15.0	1.0	2087.0	1955.0	8001.2	7496.0
5.0	200.0	0.5	10.0	0.75	15.0	2.0	2086.5	1955.0	7922.1	7496.0
5.0	200.0	0.5	15.0	0.25	5.0	0.0	2100.3	1955.0	8086.0	7496.0
5.0	200.0	0.5	15.0	0.25	5.0	1.0	2103.7	1955.0	8088.1	7496.0
5.0	200.0	0.5	15.0	0.25	5.0	2.0	2116.1	1955.0	8031.2	7496.0
5.0	200.0	0.5	15.0	0.25	10.0	0.0	2089.2	1955.0	8061.1	7496.0
5.0	200.0	0.5	15.0	0.25	10.0	1.0	2091.5	1955.0	8097.1	7496.0
5.0	200.0	0.5	15.0	0.25	10.0	2.0	2097.9	1955.0	7973.7	7496.0
5.0	200.0	0.5	15.0	0.25	15.0	0.0	2093.0	1955.0	8091.6	7496.0
5.0	200.0	0.5	15.0	0.25	15.0	1.0	2109.2	1955.0	8041.7	7496.0
5.0	200.0	0.5	15.0	0.25	15.0	2.0	2098.0	1955.0	8068.4	7496.0
5.0	200.0	0.5	15.0	0.5	5.0	0.0	2084.4	1955.0	8033.2	7496.0
5.0	200.0	0.5	15.0	0.5	5.0	1.0	2096.0	1955.0	8047.6	7496.0
5.0	200.0	0.5	15.0	0.5	5.0	2.0	2086.0	1955.0	8102.2	7496.0
5.0	200.0	0.5	15.0	0.5	10.0	0.0	2083.6	1955.0	8088.3	7496.0
5.0	200.0	0.5	15.0	0.5	10.0	1.0	2093.7	1955.0	8065.8	7496.0
5.0	200.0	0.5	15.0	0.5	10.0	2.0	2084.5	1955.0	8086.2	7496.0
5.0	200.0	0.5	15.0	0.5	15.0	0.0	2083.5	1955.0	8063.9	7496.0
5.0	200.0	0.5	15.0	0.5	15.0	1.0	2087.1	1955.0	7937.7	7496.0
5.0	200.0	0.5	15.0	0.5	15.0	2.0	2084.4	1955.0	7972.0	7496.0
5.0	200.0	0.5	15.0	0.75	5.0	0.0	2084.2	1955.0	8011.7	7496.0
5.0	200.0	0.5	15.0	0.75	5.0	1.0	2089.7	1955.0	8044.1	7496.0
5.0	200.0	0.5	15.0	0.75	5.0	2.0	2084.6	1955.0	8050.0	7496.0
5.0	200.0	0.5	15.0	0.75	10.0	0.0	2084.4	1955.0	8086.0	7496.0
5.0	200.0	0.5	15.0	0.75	10.0	1.0	2091.9	1955.0	8013.3	7496.0
5.0	200.0	0.5	15.0	0.75	10.0	2.0	2084.2	1955.0	8050.2	7496.0
5.0	200.0	0.5	15.0	0.75	15.0	0.0	2084.6	1955.0	8054.6	7496.0
5.0	200.0	0.5	15.0	0.75	15.0	1.0	2089.0	1955.0	8094.3	7496.0
5.0	200.0	0.5	15.0	0.75	15.0	2.0	2083.0	1955.0	8035.2	7496.0
5.0	200.0	1.0	5.0	0.25	5.0	0.0	2142.6	1955.0	8389.4	7496.0
5.0	200.0	1.0	5.0	0.25	5.0	1.0	2184.9	1955.0	8482.7	7496.0
5.0	200.0	1.0	5.0	0.25	5.0	2.0	2165.8	1955.0	8500.8	7496.0
5.0	200.0	1.0	5.0	0.25	10.0	0.0	2167.6	1955.0	8353.5	7496.0
5.0	200.0	1.0	5.0	0.25	10.0	1.0	2205.2	1955.0	8541.7	7496.0
5.0	200.0	1.0	5.0	0.25	10.0	2.0	2144.0	1955.0	8482.6	7496.0
5.0	200.0	1.0	5.0	0.25	15.0	0.0	2148.5	1955.0	8372.1	7496.0
5.0	200.0	1.0	5.0	0.25	15.0	1.0	2253.2	1955.0	8612.1	7496.0
5.0	200.0	1.0	5.0	0.25	15.0	2.0	2179.9	1955.0	8479.2	7496.0
5.0	200.0	1.0	5.0	0.5	5.0	0.0	2102.5	1955.0	8186.3	7496.0
5.0	200.0	1.0	5.0	0.5	5.0	1.0	2183.6	1955.0	8324.8	7496.0
5.0	200.0	1.0	5.0	0.5	5.0	2.0	2121.2	1955.0	8276.9	7496.0
5.0	200.0	1.0	5.0	0.5	10.0	0.0	2130.8	1955.0	8150.0	7496.0
5.0	200.0	1.0	5.0	0.5	10.0	1.0	2247.2	1955.0	8492.6	7496.0
5.0	200.0	1.0	5.0	0.5	10.0	2.0	2129.5	1955.0	8276.8	7496.0
5.0	200.0	1.0	5.0	0.5	15.0	0.0	2135.8	1955.0	8303.2	7496.0
5.0	200.0	1.0	5.0	0.5	15.0	1.0	2169.1	1955.0	8430.3	7496.0
5.0	200.0	1.0	5.0	0.5	15.0	2.0	2195.2	1955.0	8497.5	7496.0
5.0	200.0	1.0	5.0	0.75	5.0	0.0	2077.2	1955.0	7883.3	7496.0
5.0	200.0	1.0	5.0	0.75	5.0	1.0	2120.4	1955.0	8131.2	7496.0
5.0	200.0	1.0	5.0	0.75	5.0	2.0	2085.1	1955.0	8093.1	7496.0
5.0	200.0	1.0	5.0	0.75	10.0	0.0	2077.9	1955.0	7948.6	7496.0
5.0	200.0	1.0	5.0	0.75	10.0	1.0	2140.9	1955.0	8185.5	7496.0
5.0	200.0	1.0	5.0	0.75	10.0	2.0	2097.7	1955.0	8112.9	7496.0
5.0	200.0	1.0	5.0	0.75	15.0	0.0	2087.8	1955.0	7993.7	7496.0
5.0	200.0	1.0	5.0	0.75	15.0	1.0	2114.3	1955.0	8222.7	7496.0
5.0	200.0	1.0	5.0	0.75	15.0	2.0	2124.7	1955.0	8282.0	7496.0
5.0	200.0	1.0	10.0	0.25	5.0	0.0	2087.3	1955.0	8014.8	7496.0
5.0	200.0	1.0	10.0	0.25	5.0	1.0	2125.9	1955.0	8505.6	7496.0
5.0	200.0	1.0	10.0	0.25	5.0	2.0	2119.8	1955.0	8288.7	7496.0
5.0	200.0	1.0	10.0	0.25	10.0	0.0	2100.3	1955.0	8252.5	7496.0
5.0	200.0	1.0	10.0	0.25	10.0	1.0	2125.0	1955.0	8237.6	7496.0
5.0	200.0	1.0	10.0	0.25	10.0	2.0	2111.9	1955.0	8123.0	7496.0
5.0	200.0	1.0	10.0	0.25	15.0	0.0	2094.2	1955.0	8196.2	7496.0
5.0	200.0	1.0	10.0	0.25	15.0	1.0	2125.4	1955.0	8330.4	7496.0
5.0	200.0	1.0	10.0	0.25	15.0	2.0	2097.9	1955.0	8311.5	7496.0
5.0	200.0	1.0	10.0	0.5	5.0	0.0	2083.3	1955.0	7980.8	7496.0
5.0	200.0	1.0	10.0	0.5	5.0	1.0	2117.1	1955.0	8236.0	7496.0
5.0	200.0	1.0	10.0	0.5	5.0	2.0	2125.9	1955.0	8180.0	7496.0
5.0	200.0	1.0	10.0	0.5	10.0	0.0	2082.8	1955.0	8071.4	7496.0
5.0	200.0	1.0	10.0	0.5	10.0	1.0	2122.5	1955.0	8217.9	7496.0
5.0	200.0	1.0	10.0	0.5	10.0	2.0	2109.0	1955.0	7985.5	7496.0
5.0	200.0	1.0	10.0	0.5	15.0	0.0	2093.8	1955.0	8024.8	7496.0
5.0	200.0	1.0	10.0	0.5	15.0	1.0	2125.7	1955.0	8233.8	7496.0
5.0	200.0	1.0	10.0	0.5	15.0	2.0	2116.8	1955.0	8149.7	7496.0
5.0	200.0	1.0	10.0	0.75	5.0	0.0	2074.8	1955.0	8084.5	7496.0
5.0	200.0	1.0	10.0	0.75	5.0	1.0	2083.4	1955.0	8178.6	7496.0
5.0	200.0	1.0	10.0	0.75	5.0	2.0	2084.0	1955.0	8104.2	7496.0
5.0	200.0	1.0	10.0	0.75	10.0	0.0	2093.4	1955.0	8003.4	7496.0
5.0	200.0	1.0	10.0	0.75	10.0	1.0	2117.0	1955.0	8192.1	7496.0
5.0	200.0	1.0	10.0	0.75	10.0	2.0	2092.9	1955.0	8105.3	7496.0
5.0	200.0	1.0	10.0	0.75	15.0	0.0	2082.1	1955.0	7999.8	7496.0
5.0	200.0	1.0	10.0	0.75	15.0	1.0	2102.4	1955.0	8100.3	7496.0
5.0	200.0	1.0	10.0	0.75	15.0	2.0	2095.5	1955.0	7981.9	7496.0
5.0	200.0	1.0	15.0	0.25	5.0	0.0	2096.1	1955.0	8060.9	7496.0
5.0	200.0	1.0	15.0	0.25	5.0	1.0	2139.7	1955.0	8229.7	7496.0
5.0	200.0	1.0	15.0	0.25	5.0	2.0	2101.2	1955.0	8208.5	7496.0
5.0	200.0	1.0	15.0	0.25	10.0	0.0	2100.9	1955.0	8047.0	7496.0
5.0	200.0	1.0	15.0	0.25	10.0	1.0	2116.7	1955.0	8232.1	7496.0
5.0	200.0	1.0	15.0	0.25	10.0	2.0	2114.9	1955.0	8205.7	7496.0
5.0	200.0	1.0	15.0	0.25	15.0	0.0	2122.4	1955.0	8000.0	7496.0
5.0	200.0	1.0	15.0	0.25	15.0	1.0	2112.8	1955.0	8212.3	7496.0
5.0	200.0	1.0	15.0	0.25	15.0	2.0	2105.7	1955.0	8078.1	7496.0
5.0	200.0	1.0	15.0	0.5	5.0	0.0	2094.4	1955.0	8066.3	7496.0
5.0	200.0	1.0	15.0	0.5	5.0	1.0	2100.6	1955.0	8181.1	7496.0
5.0	200.0	1.0	15.0	0.5	5.0	2.0	2110.6	1955.0	8169.3	7496.0
5.0	200.0	1.0	15.0	0.5	10.0	0.0	2101.0	1955.0	8073.2	7496.0
5.0	200.0	1.0	15.0	0.5	10.0	1.0	2120.6	1955.0	8189.0	7496.0
5.0	200.0	1.0	15.0	0.5	10.0	2.0	2102.5	1955.0	8105.8	7496.0
5.0	200.0	1.0	15.0	0.5	15.0	0.0	2100.0	1955.0	8006.0	7496.0
5.0	200.0	1.0	15.0	0.5	15.0	1.0	2111.4	1955.0	8248.9	7496.0
5.0	200.0	1.0	15.0	0.5	15.0	2.0	2102.0	1955.0	8205.8	7496.0
5.0	200.0	1.0	15.0	0.75	5.0	0.0	2083.1	1955.0	8054.6	7496.0
5.0	200.0	1.0	15.0	0.75	5.0	1.0	2089.6	1955.0	8129.1	7496.0
5.0	200.0	1.0	15.0	0.75	5.0	2.0	2111.6	1955.0	8108.7	7496.0
5.0	200.0	1.0	15.0	0.75	10.0	0.0	2084.5	1955.0	8027.8	7496.0
5.0	200.0	1.0	15.0	0.75	10.0	1.0	2085.6	1955.0	8095.6	7496.0
5.0	200.0	1.0	15.0	0.75	10.0	2.0	2091.3	1955.0	8001.2	7496.0
5.0	200.0	1.0	15.0	0.75	15.0	0.0	2082.3	1955.0	8062.7	7496.0
5.0	200.0	1.0	15.0	0.75	15.0	1.0	2093.0	1955.0	8125.1	7496.0
5.0	200.0	1.0	15.0	0.75	15.0	2.0	2107.3	1955.0	8038.4	7496.0
5.0	200.0	1.5	5.0	0.25	5.0	0.0	2203.4	1955.0	8739.4	7496.0
5.0	200.0	1.5	5.0	0.25	5.0	1.0	2270.8	1955.0	8824.5	7496.0
5.0	200.0	1.5	5.0	0.25	5.0	2.0	2233.1	1955.0	8672.8	7496.0
5.0	200.0	1.5	5.0	0.25	10.0	0.0	2278.8	1955.0	8560.0	7496.0
5.0	200.0	1.5	5.0	0.25	10.0	1.0	2259.0	1955.0	8833.5	7496.0
5.0	200.0	1.5	5.0	0.25	10.0	2.0	2267.8	1955.0	8801.4	7496.0
5.0	200.0	1.5	5.0	0.25	15.0	0.0	2204.6	1955.0	8804.1	7496.0
5.0	200.0	1.5	5.0	0.25	15.0	1.0	2242.2	1955.0	8922.4	7496.0
5.0	200.0	1.5	5.0	0.25	15.0	2.0	2266.9	1955.0	8734.7	7496.0
5.0	200.0	1.5	5.0	0.5	5.0	0.0	2172.7	1955.0	8249.0	7496.0
5.0	200.0	1.5	5.0	0.5	5.0	1.0	2250.0	1955.0	8613.0	7496.0
5.0	200.0	1.5	5.0	0.5	5.0	2.0	2199.5	1955.0	8565.9	7496.0
5.0	200.0	1.5	5.0	0.5	10.0	0.0	2165.3	1955.0	8408.1	7496.0
5.0	200.0	1.5	5.0	0.5	10.0	1.0	2304.6	1955.0	8447.4	7496.0
5.0	200.0	1.5	5.0	0.5	10.0	2.0	2225.8	1955.0	8498.2	7496.0
5.0	200.0	1.5	5.0	0.5	15.0	0.0	2171.7	1955.0	8438.9	7496.0
5.0	200.0	1.5	5.0	0.5	15.0	1.0	2212.7	1955.0	8705.2	7496.0
5.0	200.0	1.5	5.0	0.5	15.0	2.0	2207.4	1955.0	8478.5	7496.0
5.0	200.0	1.5	5.0	0.75	5.0	0.0	2102.3	1955.0	8201.2	7496.0
5.0	200.0	1.5	5.0	0.75	5.0	1.0	2211.0	1955.0	8699.0	7496.0
5.0	200.0	1.5	5.0	0.75	5.0	2.0	2147.9	1955.0	8387.0	7496.0
5.0	200.0	1.5	5.0	0.75	10.0	0.0	2140.0	1955.0	8112.4	7496.0
5.0	200.0	1.5	5.0	0.75	10.0	1.0	2196.8	1955.0	8505.4	7496.0
5.0	200.0	1.5	5.0	0.75	10.0	2.0	2190.1	1955.0	8332.5	7496.0
5.0	200.0	1.5	5.0	0.75	15.0	0.0	2212.8	1955.0	8442.9	7496.0
5.0	200.0	1.5	5.0	0.75	15.0	1.0	2185.9	1955.0	8639.6	7496.0
5.0	200.0	1.5	5.0	0.75	15.0	2.0	2152.3	1955.0	8418.9	7496.0
5.0	200.0	1.5	10.0	0.25	5.0	0.0	2134.5	1955.0	8363.6	7496.0
5.0	200.0	1.5	10.0	0.25	5.0	1.0	2206.4	1955.0	8487.7	7496.0
5.0	200.0	1.5	10.0	0.25	5.0	2.0	2117.3	1955.0	8395.3	7496.0
5.0	200.0	1.5	10.0	0.25	10.0	0.0	2154.7	1955.0	8377.1	7496.0
5.0	200.0	1.5	10.0	0.25	10.0	1.0	2157.6	1955.0	8432.4	7496.0
5.0	200.0	1.5	10.0	0.25	10.0	2.0	2173.1	1955.0	8452.3	7496.0
5.0	200.0	1.5	10.0	0.25	15.0	0.0	2142.9	1955.0	8297.1	7496.0
5.0	200.0	1.5	10.0	0.25	15.0	1.0	2194.1	1955.0	8442.7	7496.0
5.0	200.0	1.5	10.0	0.25	15.0	2.0	2175.5	1955.0	8430.9	7496.0
5.0	200.0	1.5	10.0	0.5	5.0	0.0	2139.5	1955.0	8238.2	7496.0
5.0	200.0	1.5	10.0	0.5	5.0	1.0	2173.5	1955.0	8385.2	7496.0
5.0	200.0	1.5	10.0	0.5	5.0	2.0	2134.0	1955.0	8294.7	7496.0
5.0	200.0	1.5	10.0	0.5	10.0	0.0	2096.7	1955.0	8203.2	7496.0
5.0	200.0	1.5	10.0	0.5	10.0	1.0	2158.0	1955.0	8470.3	7496.0
5.0	200.0	1.5	10.0	0.5	10.0	2.0	2170.0	1955.0	8272.6	7496.0
5.0	200.0	1.5	10.0	0.5	15.0	0.0	2164.6	1955.0	8279.0	7496.0
5.0	200.0	1.5	10.0	0.5	15.0	1.0	2179.3	1955.0	8563.6	7496.0
5.0	200.0	1.5	10.0	0.5	15.0	2.0	2144.4	1955.0	8383.1	7496.0
5.0	200.0	1.5	10.0	0.75	5.0	0.0	2081.2	1955.0	8101.7	7496.0
5.0	200.0	1.5	10.0	0.75	5.0	1.0	2127.8	1955.0	8376.4	7496.0
5.0	200.0	1.5	10.0	0.75	5.0	2.0	2115.0	1955.0	8144.5	7496.0
5.0	200.0	1.5	10.0	0.75	10.0	0.0	2100.0	1955.0	8046.1	7496.0
5.0	200.0	1.5	10.0	0.75	10.0	1.0	2140.7	1955.0	8295.0	7496.0
5.0	200.0	1.5	10.0	0.75	10.0	2.0	2102.4	1955.0	8024.3	7496.0
5.0	200.0	1.5	10.0	0.75	15.0	0.0	2094.8	1955.0	8057.6	7496.0
5.0	200.0	1.5	10.0	0.75	15.0	1.0	2122.3	1955.0	8348.3	7496.0
5.0	200.0	1.5	10.0	0.75	15.0	2.0	2146.5	1955.0	8238.5	7496.0
5.0	200.0	1.5	15.0	0.25	5.0	0.0	2097.4	1955.0	8255.2	7496.0
5.0	200.0	1.5	15.0	0.25	5.0	1.0	2154.5	1955.0	8275.8	7496.0
5.0	200.0	1.5	15.0	0.25	5.0	2.0	2119.9	1955.0	8316.2	7496.0
5.0	200.0	1.5	15.0	0.25	10.0	0.0	2095.7	1955.0	8222.5	7496.0
5.0	200.0	1.5	15.0	0.25	10.0	1.0	2155.0	1955.0	8361.1	7496.0
5.0	200.0	1.5	15.0	0.25	10.0	2.0	2129.4	1955.0	8331.3	7496.0
5.0	200.0	1.5	15.0	0.25	15.0	0.0	2126.2	1955.0	8333.5	7496.0
5.0	200.0	1.5	15.0	0.25	15.0	1.0	2176.1	1955.0	8303.0	7496.0
5.0	200.0	1.5	15.0	0.25	15.0	2.0	2110.0	1955.0	8314.4	7496.0
5.0	200.0	1.5	15.0	0.5	5.0	0.0	2104.3	1955.0	8192.8	7496.0
5.0	200.0	1.5	15.0	0.5	5.0	1.0	2110.6	1955.0	8222.1	7496.0
5.0	200.0	1.5	15.0	0.5	5.0	2.0	2099.3	1955.0	8232.3	7496.0
5.0	200.0	1.5	15.0	0.5	10.0	0.0	2109.8	1955.0	8140.0	7496.0
5.0	200.0	1.5	15.0	0.5	10.0	1.0	2130.9	1955.0	8253.3	7496.0
5.0	200.0	1.5	15.0	0.5	10.0	2.0	2135.1	1955.0	8100.8	7496.0
5.0	200.0	1.5	15.0	0.5	15.0	0.0	2118.5	1955.0	8050.6	7496.0
5.0	200.0	1.5	15.0	0.5	15.0	1.0	2146.4	1955.0	8339.2	7496.0
5.0	200.0	1.5	15.0	0.5	15.0	2.0	2111.6	1955.0	8321.0	7496.0
5.0	200.0	1.5	15.0	0.75	5.0	0.0	2085.3	1955.0	8092.5	7496.0
5.0	200.0	1.5	15.0	0.75	5.0	1.0	2116.0	1955.0	8222.6	7496.0
5.0	200.0	1.5	15.0	0.75	5.0	2.0	2100.4	1955.0	8150.9	7496.0
5.0	200.0	1.5	15.0	0.75	10.0	0.0	2095.4	1955.0	8171.2	7496.0
5.0	200.0	1.5	15.0	0.75	10.0	1.0	2114.7	1955.0	8279.1	7496.0
5.0	200.0	1.5	15.0	0.75	10.0	2.0	2120.2	1955.0	8343.9	7496.0
5.0	200.0	1.5	15.0	0.75	15.0	0.0	2095.7	1955.0	8179.7	7496.0
5.0	200.0	1.5	15.0	0.75	15.0	1.0	2098.2	1955.0	8316.7	7496.0
5.0	200.0	1.5	15.0	0.75	15.0	2.0	2104.7	1955.0	8140.8	7496.0
10.0	50.0	0.5	5.0	0.25	5.0	0.0	2098.9	1955.0	7968.7	7496.0
10.0	50.0	0.5	5.0	0.25	5.0	1.0	2088.0	1955.0	8170.3	7496.0
10.0	50.0	0.5	5.0	0.25	5.0	2.0	2081.9	1955.0	8044.5	7496.0
10.0	50.0	0.5	5.0	0.25	10.0	0.0	2091.8	1955.0	7997.8	7496.0
10.0	50.0	0.5	5.0	0.25	10.0	1.0	2102.9	1955.0	8026.5	7496.0
10.0	50.0	0.5	5.0	0.25	10.0	2.0	2103.0	1955.0	8015.6	7496.0
10.0	50.0	0.5	5.0	0.25	15.0	0.0	2086.2	1955.0	7979.7	7496.0
10.0	50.0	0.5	5.0	0.25	15.0	1.0	2088.3	1955.0	8074.2	7496.0
10.0	50.0	0.5	5.0	0.25	15.0	2.0	2094.7	1955.0	8111.9	7496.0
10.0	50.0	0.5	5.0	0.5	5.0	0.0	2088.1	1955.0	7938.8	7496.0
10.0	50.0	0.5	5.0	0.5	5.0	1.0	2082.9	1955.0	8087.0	7496.0
10.0	50.0	0.5	5.0	0.5	5.0	2.0	2084.9	1955.0	7948.6	7496.0
10.0	50.0	0.5	5.0	0.5	10.0	0.0	2084.7	1955.0	7928.5	7496.0
10.0	50.0	0.5	5.0	0.5	10.0	1.0	2099.0	1955.0	8061.4	7496.0
10.0	50.0	0.5	5.0	0.5	10.0	2.0	2097.7	1955.0	8008.2	7496.0
10.0	50.0	0.5	5.0	0.5	15.0	0.0	2074.4	1955.0	7986.0	7496.0
10.0	50.0	0.5	5.0	0.5	15.0	1.0	2108.2	1955.0	8130.9	7496.0
10.0	50.0	0.5	5.0	0.5	15.0	2.0	2101.1	1955.0	7987.4	7496.0
10.0	50.0	0.5	5.0	0.75	5.0	0.0	2088.4	1955.0	8091.6	7496.0
10.0	50.0	0.5	5.0	0.75	5.0	1.0	2091.4	1955.0	8017.3	7496.0
10.0	50.0	0.5	5.0	0.75	5.0	2.0	2085.6	1955.0	8018.5	7496.0
10.0	50.0	0.5	5.0	0.75	10.0	0.0	2076.7	1955.0	8099.0	7496.0
10.0	50.0	0.5	5.0	0.75	10.0	1.0	2106.9	1955.0	8111.0	7496.0
10.0	50.0	0.5	5.0	0.75	10.0	2.0	2091.2	1955.0	8014.6	7496.0
10.0	50.0	0.5	5.0	0.75	15.0	0.0	2088.6	1955.0	8017.5	7496.0
10.0	50.0	0.5	5.0	0.75	15.0	1.0	2085.4	1955.0	8077.4	7496.0
10.0	50.0	0.5	5.0	0.75	15.0	2.0	2087.7	1955.0	8002.2	7496.0
10.0	50.0	0.5	10.0	0.25	5.0	0.0	2086.0	1955.0	7995.2	7496.0
10.0	50.0	0.5	10.0	0.25	5.0	1.0	2084.8	1955.0	8068.9	7496.0
10.0	50.0	0.5	10.0	0.25	5.0	2.0	2089.8	1955.0	7970.9	7496.0
10.0	50.0	0.5	10.0	0.25	10.0	0.0	2088.4	1955.0	8008.9	7496.0
10.0	50.0	0.5	10.0	0.25	10.0	1.0	2096.5	1955.0	8075.3	7496.0
10.0	50.0	0.5	10.0	0.25	10.0	2.0	2097.5	1955.0	8016.5	7496.0
10.0	50.0	0.5	10.0	0.25	15.0	0.0	2080.0	1955.0	7972.1	7496.0
10.0	50.0	0.5	10.0	0.25	15.0	1.0	2084.1	1955.0	8037.2	7496.0
10.0	50.0	0.5	10.0	0.25	15.0	2.0	2084.8	1955.0	8050.7	7496.0
10.0	50.0	0.5	10.0	0.5	5.0	0.0	2083.2	1955.0	7988.4	7496.0
10.0	50.0	0.5	10.0	0.5	5.0	1.0	2096.5	1955.0	8015.0	7496.0
10.0	50.0	0.5	10.0	0.5	5.0	2.0	2090.7	1955.0	8067.3	7496.0
10.0	50.0	0.5	10.0	0.5	10.0	0.0	2080.2	1955.0	8011.2	7496.0
10.0	50.0	0.5	10.0	0.5	10.0	1.0	2095.5	1955.0	8113.4	7496.0
10.0	50.0	0.5	10.0	0.5	10.0	2.0	2083.0	1955.0	8051.0	7496.0
10.0	50.0	0.5	10.0	0.5	15.0	0.0	2082.4	1955.0	8010.8	7496.0
10.0	50.0	0.5	10.0	0.5	15.0	1.0	2094.3	1955.0	8001.3	7496.0
10.0	50.0	0.5	10.0	0.5	15.0	2.0	2098.7	1955.0	8029.4	7496.0
10.0	50.0	0.5	10.0	0.75	5.0	0.0	2082.9	1955.0	8022.4	7496.0
10.0	50.0	0.5	10.0	0.75	5.0	1.0	2092.2	1955.0	8030.1	7496.0
10.0	50.0	0.5	10.0	0.75	5.0	2.0	2085.3	1955.0	7997.7	7496.0
10.0	50.0	0.5	10.0	0.75	10.0	0.0	2083.4	1955.0	7999.7	7496.0
10.0	50.0	0.5	10.0	0.75	10.0	1.0	2094.7	1955.0	8012.0	7496.0
10.0	50.0	0.5	10.0	0.75	10.0	2.0	2086.3	1955.0	8021.4	7496.0
10.0	50.0	0.5	10.0	0.75	15.0	0.0	2080.4	1955.0	8064.2	7496.0
10.0	50.0	0.5	10.0	0.75	15.0	1.0	2090.2	1955.0	8001.3	7496.0
10.0	50.0	0.5	10.0	0.75	15.0	2.0	2085.5	1955.0	8028.9	7496.0
10.0	50.0	0.5	15.0	0.25	5.0	0.0	2085.0	1955.0	8054.0	7496.0
10.0	50.0	0.5	15.0	0.25	5.0	1.0	2093.5	1955.0	8118.5	7496.0
10.0	50.0	0.5	15.0	0.25	5.0	2.0	2086.2	1955.0	8076.1	7496.0
10.0	50.0	0.5	15.0	0.25	10.0	0.0	2088.6	1955.0	8091.3	7496.0
10.0	50.0	0.5	15.0	0.25	10.0	1.0	2086.7	1955.0	8120.1	7496.0
10.0	50.0	0.5	15.0	0.25	10.0	2.0	2089.2	1955.0	8063.5	7496.0
10.0	50.0	0.5	15.0	0.25	15.0	0.0	2083.5	1955.0	8075.6	7496.0
10.0	50.0	0.5	15.0	0.25	15.0	1.0	2087.6	1955.0	8085.0	7496.0
10.0	50.0	0.5	15.0	0.25	15.0	2.0	2090.1	1955.0	8012.7	7496.0
10.0	50.0	0.5	15.0	0.5	5.0	0.0	2085.0	1955.0	8013.9	7496.0
10.0	50.0	0.5	15.0	0.5	5.0	1.0	2094.9	1955.0	8072.4	7496.0
10.0	50.0	0.5	15.0	0.5	5.0	2.0	2085.0	1955.0	8067.8	7496.0
10.0	50.0	0.5	15.0	0.5	10.0	0.0	2084.8	1955.0	8083.7	7496.0
10.0	50.0	0.5	15.0	0.5	10.0	1.0	2086.1	1955.0	8157.4	7496.0
10.0	50.0	0.5	15.0	0.5	10.0	2.0	2085.0	1955.0	8078.7	7496.0
10.0	50.0	0.5	15.0	0.5	15.0	0.0	2086.0	1955.0	8083.5	7496.0
10.0	50.0	0.5	15.0	0.5	15.0	1.0	2097.3	1955.0	8050.8	7496.0
10.0	50.0	0.5	15.0	0.5	15.0	2.0	2087.2	1955.0	8049.0	7496.0
10.0	50.0	0.5	15.0	0.75	5.0	0.0	2087.0	1955.0	8056.7	7496.0
10.0	50.0	0.5	15.0	0.75	5.0	1.0	2085.4	1955.0	8061.5	7496.0
10.0	50.0	0.5	15.0	0.75	5.0	2.0	2086.0	1955.0	8078.9	7496.0
10.0	50.0	0.5	15.0	0.75	10.0	0.0	2085.7	1955.0	8065.2	7496.0
10.0	50.0	0.5	15.0	0.75	10.0	1.0	2091.3	1955.0	8039.4	7496.0
10.0	50.0	0.5	15.0	0.75	10.0	2.0	2085.3	1955.0	8072.5	7496.0
10.0	50.0	0.5	15.0	0.75	15.0	0.0	2085.4	1955.0	8050.3	7496.0
10.0	50.0	0.5	15.0	0.75	15.0	1.0	2092.7	1955.0	8065.3	7496.0
10.0	50.0	0.5	15.0	0.75	15.0	2.0	2085.4	1955.0	8069.0	7496.0
10.0	50.0	1.0	5.0	0.25	5.0	0.0	2123.6	1955.0	8145.7	7496.0
10.0	50.0	1.0	5.0	0.25	5.0	1.0	2165.8	1955.0	8342.7	7496.0
10.0	50.0	1.0	5.0	0.25	5.0	2.0	2121.0	1955.0	8097.9	7496.0
10.0	50.0	1.0	5.0	0.25	10.0	0.0	2124.3	1955.0	8241.8	7496.0
10.0	50.0	1.0	5.0	0.25	10.0	1.0	2115.2	1955.0	8332.4	7496.0
10.0	50.0	1.0	5.0	0.25	10.0	2.0	2112.8	1955.0	8293.6	7496.0
10.0	50.0	1.0	5.0	0.25	15.0	0.0	2113.3	1955.0	8190.4	7496.0
10.0	50.0	1.0	5.0	0.25	15.0	1.0	2126.2	1955.0	8231.8	7496.0
10.0	50.0	1.0	5.0	0.25	15.0	2.0	2092.6	1955.0	8075.1	7496.0
10.0	50.0	1.0	5.0	0.5	5.0	0.0	2086.3	1955.0	8042.9	7496.0
10.0	50.0	1.0	5.0	0.5	5.0	1.0	2103.7	1955.0	8291.9	7496.0
10.0	50.0	1.0	5.0	0.5	5.0	2.0	2093.3	1955.0	7895.0	7496.0
10.0	50.0	1.0	5.0	0.5	10.0	0.0	2083.9	1955.0	8068.8	7496.0
10.0	50.0	1.0	5.0	0.5	10.0	1.0	2124.9	1955.0	8197.6	7496.0
10.0	50.0	1.0	5.0	0.5	10.0	2.0	2099.5	1955.0	8128.0	7496.0
10.0	50.0	1.0	5.0	0.5	15.0	0.0	2089.2	1955.0	8030.9	7496.0
10.0	50.0	1.0	5.0	0.5	15.0	1.0	2108.3	1955.0	8264.2	7496.0
10.0	50.0	1.0	5.0	0.5	15.0	2.0	2122.5	1955.0	8331.4	7496.0
10.0	50.0	1.0	5.0	0.75	5.0	0.0	2075.8	1955.0	7970.0	7496.0
10.0	50.0	1.0	5.0	0.75	5.0	1.0	2106.9	1955.0	8073.7	7496.0
10.0	50.0	1.0	5.0	0.75	5.0	2.0	2075.3	1955.0	8075.1	7496.0
10.0	50.0	1.0	5.0	0.75	10.0	0.0	2069.0	1955.0	8050.5	7496.0
10.0	50.0	1.0	5.0	0.75	10.0	1.0	2102.3	1955.0	8232.8	7496.0
10.0	50.0	1.0	5.0	0.75	10.0	2.0	2106.6	1955.0	7931.8	7496.0
10.0	50.0	1.0	5.0	0.75	15.0	0.0	2063.9	1955.0	8065.2	7496.0
10.0	50.0	1.0	5.0	0.75	15.0	1.0	2095.8	1955.0	8132.2	7496.0
10.0	50.0	1.0	5.0	0.75	15.0	2.0	2080.7	1955.0	7972.8	7496.0
10.0	50.0	1.0	10.0	0.25	5.0	0.0	2086.6	1955.0	8130.8	7496.0
10.0	50.0	1.0	10.0	0.25	5.0	1.0	2087.1	1955.0	8207.4	7496.0
10.0	50.0	1.0	10.0	0.25	5.0	2.0	2102.1	1955.0	8149.2	7496.0
10.0	50.0	1.0	10.0	0.25	10.0	0.0	2078.2	1955.0	8170.0	7496.0
10.0	50.0	1.0	10.0	0.25	10.0	1.0	2105.4	1955.0	8156.7	7496.0
10.0	50.0	1.0	10.0	0.25	10.0	2.0	2094.2	1955.0	8201.1	7496.0
10.0	50.0	1.0	10.0	0.25	15.0	0.0	2084.0	1955.0	8133.1	7496.0
10.0	50.0	1.0	10.0	0.25	15.0	1.0	2089.2	1955.0	8127.3	7496.0
10.0	50.0	1.0	10.0	0.25	15.0	2.0	2108.0	1955.0	8058.5	7496.0
10.0	50.0	1.0	10.0	0.5	5.0	0.0	2076.5	1955.0	8128.5	7496.0
10.0	50.0	1.0	10.0	0.5	5.0	1.0	2095.6	1955.0	8043.4	7496.0
10.0	50.0	1.0	10.0	0.5	5.0	2.0	2091.2	1955.0	8096.6	7496.0
10.0	50.0	1.0	10.0	0.5	10.0	0.0	2079.8	1955.0	8092.5	7496.0
10.0	50.0	1.0	10.0	0.5	10.0	1.0	2083.1	1955.0	8194.5	7496.0
10.0	50.0	1.0	10.0	0.5	10.0	2.0	2090.1	1955.0	8120.7	7496.0
10.0	50.0	1.0	10.0	0.5	15.0	0.0	2075.5	1955.0	8051.5	7496.0
10.0	50.0	1.0	10.0	0.5	15.0	1.0	2103.5	1955.0	8118.5	7496.0
10.0	50.0	1.0	10.0	0.5	15.0	2.0	2084.3	1955.0	8133.1	7496.0
10.0	50.0	1.0	10.0	0.75	5.0	0.0	2070.5	1955.0	7990.2	7496.0
10.0	50.0	1.0	10.0	0.75	5.0	1.0	2087.9	1955.0	8043.7	7496.0
10.0	50.0	1.0	10.0	0.75	5.0	2.0	2091.9	1955.0	8110.0	7496.0
10.0	50.0	1.0	10.0	0.75	10.0	0.0	2079.6	1955.0	7966.8	7496.0
10.0	50.0	1.0	10.0	0.75	10.0	1.0	2100.7	1955.0	8067.2	7496.0
10.0	50.0	1.0	10.0	0.75	10.0	2.0	2099.5	1955.0	8031.9	7496.0
